gpu_id,gpu_model,branch,commit,command,warmup,iters,idle_gpu_verified,graph_capture,l2_flush_per_iter,clocks_pinned,metric_formula,model,model_dim,inter_dim,experts,topk,dtype,act,token,tile_m1,tile_n1,tile_k1,tile_m2,tile_n2,tile_k2,persist_m1,persist_m2,xcd_swizzle1,xcd_swizzle2,stage2_lds_load_bytes,stage2_a_prefetch_schedule,stage2_a_prefetch_scope,k_batch1,waves_per_eu2,stage1_us,stage2_us,sorting_us,kernel_path_us,kernel_path_us_p95,effective_tflops,mfu,e2e_us,e2e_us_p95,logits_diff,correctness_pass,flydsl_command,strict_error,error_category,aot_status
0,AMD Instinct MI350X,rlcr/mxfp4-moe,8e09bfab79f599c248dcb718a382541eb5af57cd,"HIP_VISIBLE_DEVICES=0 FLYDSL_PERF_DIST=1 python3 /sgl-workspace/FlyDSL-mxfp4-moe/tests/kernels/test_moe_gemm.py --in_dtype fp4 -dim 7168,256 -t 1 -e 257 -k 9 --num_warmup 10 --num_iters 100 --tile_m 64 --tile_m2 64 --tile_n 256 --tile_k 256 --tile_n2 256 --tile_k2 256 --persist_m1 1 --persist_m2 4 --xcd_swizzle1 0 --xcd_swizzle2 0 --stage2_lds_load_bytes 16 --stage2_a_prefetch_schedule baseline --stage2_a_prefetch_scope front --k_batch1 1 --waves_per_eu2 0 --skip_ref true --compare_aiter_ck false ; HIP_VISIBLE_DEVICES=0 python3 /sgl-workspace/FlyDSL-mxfp4-moe/scripts/aiter_strict_point.py --model-dim 7168 --inter-dim 256 -e 257 -k 9 -t 1 --aq fp4 --wq fp4 --act silu --gate separated --warmup 10 --iters 100 --aiter-repo /sgl-workspace/aiter",10,100,True,False,True,True,effective_tflops = token*model_dim*inter_dim*3*topk*2 / combined_us / 1e6; mfu = effective_tflops / 4523,deepseek_v3,7168,256,257,9,a4w4,silu,1,64,256,256,64,256,256,1,4,0,0,16,baseline,front,1,0,83.05000000000001,66.65,0.0,149.7,190.60000000000002,0.661926733466934,0.00014634683472627326,43.90120707070732,485.6034964323044,nan,False,"HIP_VISIBLE_DEVICES=0 FLYDSL_PERF_DIST=1 python3 /sgl-workspace/FlyDSL-mxfp4-moe/tests/kernels/test_moe_gemm.py --in_dtype fp4 -dim 7168,256 -t 1 -e 257 -k 9 --num_warmup 10 --num_iters 100 --tile_m 64 --tile_m2 64 --tile_n 256 --tile_k 256 --tile_n2 256 --tile_k2 256 --persist_m1 1 --persist_m2 4 --xcd_swizzle1 0 --xcd_swizzle2 0 --stage2_lds_load_bytes 16 --stage2_a_prefetch_schedule baseline --stage2_a_prefetch_scope front --k_batch1 1 --waves_per_eu2 0 --skip_ref true --compare_aiter_ck false",,reference_invalid,checked
0,AMD Instinct MI350X,rlcr/mxfp4-moe,8e09bfab79f599c248dcb718a382541eb5af57cd,"HIP_VISIBLE_DEVICES=0 FLYDSL_PERF_DIST=1 python3 /sgl-workspace/FlyDSL-mxfp4-moe/tests/kernels/test_moe_gemm.py --in_dtype fp4 -dim 7168,256 -t 2 -e 257 -k 9 --num_warmup 10 --num_iters 100 --tile_m 64 --tile_m2 64 --tile_n 256 --tile_k 256 --tile_n2 256 --tile_k2 256 --persist_m1 1 --persist_m2 4 --xcd_swizzle1 0 --xcd_swizzle2 0 --stage2_lds_load_bytes 16 --stage2_a_prefetch_schedule baseline --stage2_a_prefetch_scope front --k_batch1 1 --waves_per_eu2 0 --skip_ref true --compare_aiter_ck false ; HIP_VISIBLE_DEVICES=0 python3 /sgl-workspace/FlyDSL-mxfp4-moe/scripts/aiter_strict_point.py --model-dim 7168 --inter-dim 256 -e 257 -k 9 -t 2 --aq fp4 --wq fp4 --act silu --gate separated --warmup 10 --iters 100 --aiter-repo /sgl-workspace/aiter",10,100,True,False,True,True,effective_tflops = token*model_dim*inter_dim*3*topk*2 / combined_us / 1e6; mfu = effective_tflops / 4523,deepseek_v3,7168,256,257,9,a4w4,silu,2,64,256,256,64,256,256,1,4,0,0,16,baseline,front,1,0,133.9,49.35,0.0,183.25,309.05,1.0814781118690313,0.00023910637007937903,45.96857506645391,489.08349871635437,nan,False,"HIP_VISIBLE_DEVICES=0 FLYDSL_PERF_DIST=1 python3 /sgl-workspace/FlyDSL-mxfp4-moe/tests/kernels/test_moe_gemm.py --in_dtype fp4 -dim 7168,256 -t 2 -e 257 -k 9 --num_warmup 10 --num_iters 100 --tile_m 64 --tile_m2 64 --tile_n 256 --tile_k 256 --tile_n2 256 --tile_k2 256 --persist_m1 1 --persist_m2 4 --xcd_swizzle1 0 --xcd_swizzle2 0 --stage2_lds_load_bytes 16 --stage2_a_prefetch_schedule baseline --stage2_a_prefetch_scope front --k_batch1 1 --waves_per_eu2 0 --skip_ref true --compare_aiter_ck false",,reference_invalid,checked
0,AMD Instinct MI350X,rlcr/mxfp4-moe,8e09bfab79f599c248dcb718a382541eb5af57cd,"HIP_VISIBLE_DEVICES=0 FLYDSL_PERF_DIST=1 python3 /sgl-workspace/FlyDSL-mxfp4-moe/tests/kernels/test_moe_gemm.py --in_dtype fp4 -dim 7168,256 -t 4 -e 257 -k 9 --num_warmup 10 --num_iters 100 --tile_m 64 --tile_m2 64 --tile_n 256 --tile_k 256 --tile_n2 256 --tile_k2 256 --persist_m1 1 --persist_m2 4 --xcd_swizzle1 0 --xcd_swizzle2 0 --stage2_lds_load_bytes 16 --stage2_a_prefetch_schedule baseline --stage2_a_prefetch_scope front --k_batch1 1 --waves_per_eu2 0 --skip_ref true --compare_aiter_ck false ; HIP_VISIBLE_DEVICES=0 python3 /sgl-workspace/FlyDSL-mxfp4-moe/scripts/aiter_strict_point.py --model-dim 7168 --inter-dim 256 -e 257 -k 9 -t 4 --aq fp4 --wq fp4 --act silu --gate separated --warmup 10 --iters 100 --aiter-repo /sgl-workspace/aiter",10,100,True,False,True,True,effective_tflops = token*model_dim*inter_dim*3*topk*2 / combined_us / 1e6; mfu = effective_tflops / 4523,deepseek_v3,7168,256,257,9,a4w4,silu,4,64,256,256,64,256,256,1,4,0,0,16,baseline,front,1,0,84.80000000000001,50.1,0.0,134.9,158.89999999999998,2.93818923647146,0.0006496107089258148,56.75823405934332,659.3250036239624,nan,False,"HIP_VISIBLE_DEVICES=0 FLYDSL_PERF_DIST=1 python3 /sgl-workspace/FlyDSL-mxfp4-moe/tests/kernels/test_moe_gemm.py --in_dtype fp4 -dim 7168,256 -t 4 -e 257 -k 9 --num_warmup 10 --num_iters 100 --tile_m 64 --tile_m2 64 --tile_n 256 --tile_k 256 --tile_n2 256 --tile_k2 256 --persist_m1 1 --persist_m2 4 --xcd_swizzle1 0 --xcd_swizzle2 0 --stage2_lds_load_bytes 16 --stage2_a_prefetch_schedule baseline --stage2_a_prefetch_scope front --k_batch1 1 --waves_per_eu2 0 --skip_ref true --compare_aiter_ck false",,reference_invalid,checked
0,AMD Instinct MI350X,rlcr/mxfp4-moe,8e09bfab79f599c248dcb718a382541eb5af57cd,"HIP_VISIBLE_DEVICES=0 FLYDSL_PERF_DIST=1 python3 /sgl-workspace/FlyDSL-mxfp4-moe/tests/kernels/test_moe_gemm.py --in_dtype fp4 -dim 7168,256 -t 8 -e 257 -k 9 --num_warmup 10 --num_iters 100 --tile_m 64 --tile_m2 64 --tile_n 256 --tile_k 256 --tile_n2 256 --tile_k2 256 --persist_m1 1 --persist_m2 4 --xcd_swizzle1 0 --xcd_swizzle2 0 --stage2_lds_load_bytes 16 --stage2_a_prefetch_schedule baseline --stage2_a_prefetch_scope front --k_batch1 1 --waves_per_eu2 0 --skip_ref true --compare_aiter_ck false ; HIP_VISIBLE_DEVICES=0 python3 /sgl-workspace/FlyDSL-mxfp4-moe/scripts/aiter_strict_point.py --model-dim 7168 --inter-dim 256 -e 257 -k 9 -t 8 --aq fp4 --wq fp4 --act silu --gate separated --warmup 10 --iters 100 --aiter-repo /sgl-workspace/aiter",10,100,True,False,True,True,effective_tflops = token*model_dim*inter_dim*3*topk*2 / combined_us / 1e6; mfu = effective_tflops / 4523,deepseek_v3,7168,256,257,9,a4w4,silu,8,64,256,256,64,256,256,1,4,0,0,16,baseline,front,1,0,85.6,51.95,0.0,137.55,159.64999999999998,5.763165801526717,0.001274190979775971,59.99082290602655,377.422496676445,1.0986721504013808e-05,True,"HIP_VISIBLE_DEVICES=0 FLYDSL_PERF_DIST=1 python3 /sgl-workspace/FlyDSL-mxfp4-moe/tests/kernels/test_moe_gemm.py --in_dtype fp4 -dim 7168,256 -t 8 -e 257 -k 9 --num_warmup 10 --num_iters 100 --tile_m 64 --tile_m2 64 --tile_n 256 --tile_k 256 --tile_n2 256 --tile_k2 256 --persist_m1 1 --persist_m2 4 --xcd_swizzle1 0 --xcd_swizzle2 0 --stage2_lds_load_bytes 16 --stage2_a_prefetch_schedule baseline --stage2_a_prefetch_scope front --k_batch1 1 --waves_per_eu2 0 --skip_ref true --compare_aiter_ck false",,,checked
0,AMD Instinct MI350X,rlcr/mxfp4-moe,8e09bfab79f599c248dcb718a382541eb5af57cd,"HIP_VISIBLE_DEVICES=0 FLYDSL_PERF_DIST=1 python3 /sgl-workspace/FlyDSL-mxfp4-moe/tests/kernels/test_moe_gemm.py --in_dtype fp4 -dim 7168,256 -t 16 -e 257 -k 9 --num_warmup 10 --num_iters 100 --tile_m 64 --tile_m2 64 --tile_n 256 --tile_k 256 --tile_n2 256 --tile_k2 256 --persist_m1 1 --persist_m2 4 --xcd_swizzle1 0 --xcd_swizzle2 0 --stage2_lds_load_bytes 16 --stage2_a_prefetch_schedule baseline --stage2_a_prefetch_scope front --k_batch1 1 --waves_per_eu2 0 --skip_ref true --compare_aiter_ck false ; HIP_VISIBLE_DEVICES=0 python3 /sgl-workspace/FlyDSL-mxfp4-moe/scripts/aiter_strict_point.py --model-dim 7168 --inter-dim 256 -e 257 -k 9 -t 16 --aq fp4 --wq fp4 --act silu --gate separated --warmup 10 --iters 100 --aiter-repo /sgl-workspace/aiter",10,100,True,False,True,True,effective_tflops = token*model_dim*inter_dim*3*topk*2 / combined_us / 1e6; mfu = effective_tflops / 4523,deepseek_v3,7168,256,257,9,a4w4,silu,16,64,256,256,64,256,256,1,4,0,0,16,baseline,front,1,0,90.3,60.4,0.0,150.7,164.7,10.520550179163903,0.002326011536405904,84.61607386363627,1558.4330260753632,1.0193977878714122e-05,True,"HIP_VISIBLE_DEVICES=0 FLYDSL_PERF_DIST=1 python3 /sgl-workspace/FlyDSL-mxfp4-moe/tests/kernels/test_moe_gemm.py --in_dtype fp4 -dim 7168,256 -t 16 -e 257 -k 9 --num_warmup 10 --num_iters 100 --tile_m 64 --tile_m2 64 --tile_n 256 --tile_k 256 --tile_n2 256 --tile_k2 256 --persist_m1 1 --persist_m2 4 --xcd_swizzle1 0 --xcd_swizzle2 0 --stage2_lds_load_bytes 16 --stage2_a_prefetch_schedule baseline --stage2_a_prefetch_scope front --k_batch1 1 --waves_per_eu2 0 --skip_ref true --compare_aiter_ck false",,,checked
0,AMD Instinct MI350X,rlcr/mxfp4-moe,8e09bfab79f599c248dcb718a382541eb5af57cd,"HIP_VISIBLE_DEVICES=0 FLYDSL_PERF_DIST=1 python3 /sgl-workspace/FlyDSL-mxfp4-moe/tests/kernels/test_moe_gemm.py --in_dtype fp4 -dim 7168,256 -t 32 -e 257 -k 9 --num_warmup 10 --num_iters 100 --tile_m 64 --tile_m2 64 --tile_n 256 --tile_k 256 --tile_n2 256 --tile_k2 256 --persist_m1 1 --persist_m2 4 --xcd_swizzle1 0 --xcd_swizzle2 0 --stage2_lds_load_bytes 16 --stage2_a_prefetch_schedule baseline --stage2_a_prefetch_scope front --k_batch1 1 --waves_per_eu2 0 --skip_ref true --compare_aiter_ck false ; HIP_VISIBLE_DEVICES=0 python3 /sgl-workspace/FlyDSL-mxfp4-moe/scripts/aiter_strict_point.py --model-dim 7168 --inter-dim 256 -e 257 -k 9 -t 32 --aq fp4 --wq fp4 --act silu --gate separated --warmup 10 --iters 100 --aiter-repo /sgl-workspace/aiter",10,100,True,False,True,True,effective_tflops = token*model_dim*inter_dim*3*topk*2 / combined_us / 1e6; mfu = effective_tflops / 4523,deepseek_v3,7168,256,257,9,a4w4,silu,32,64,256,256,64,256,256,1,4,0,0,16,baseline,front,1,0,137.8,77.55000000000001,0.0,215.35000000000002,397.79999999999995,14.724373457162756,0.003255444054203572,114.2892168539323,964.3280059099197,1.0716855501913258e-05,True,"HIP_VISIBLE_DEVICES=0 FLYDSL_PERF_DIST=1 python3 /sgl-workspace/FlyDSL-mxfp4-moe/tests/kernels/test_moe_gemm.py --in_dtype fp4 -dim 7168,256 -t 32 -e 257 -k 9 --num_warmup 10 --num_iters 100 --tile_m 64 --tile_m2 64 --tile_n 256 --tile_k 256 --tile_n2 256 --tile_k2 256 --persist_m1 1 --persist_m2 4 --xcd_swizzle1 0 --xcd_swizzle2 0 --stage2_lds_load_bytes 16 --stage2_a_prefetch_schedule baseline --stage2_a_prefetch_scope front --k_batch1 1 --waves_per_eu2 0 --skip_ref true --compare_aiter_ck false",,,checked
0,AMD Instinct MI350X,rlcr/mxfp4-moe,8e09bfab79f599c248dcb718a382541eb5af57cd,"HIP_VISIBLE_DEVICES=0 FLYDSL_PERF_DIST=1 python3 /sgl-workspace/FlyDSL-mxfp4-moe/tests/kernels/test_moe_gemm.py --in_dtype fp4 -dim 7168,256 -t 64 -e 257 -k 9 --num_warmup 10 --num_iters 100 --tile_m 64 --tile_m2 64 --tile_n 256 --tile_k 256 --tile_n2 256 --tile_k2 256 --persist_m1 1 --persist_m2 4 --xcd_swizzle1 0 --xcd_swizzle2 0 --stage2_lds_load_bytes 16 --stage2_a_prefetch_schedule baseline --stage2_a_prefetch_scope front --k_batch1 1 --waves_per_eu2 0 --skip_ref true --compare_aiter_ck false ; HIP_VISIBLE_DEVICES=0 python3 /sgl-workspace/FlyDSL-mxfp4-moe/scripts/aiter_strict_point.py --model-dim 7168 --inter-dim 256 -e 257 -k 9 -t 64 --aq fp4 --wq fp4 --act silu --gate separated --warmup 10 --iters 100 --aiter-repo /sgl-workspace/aiter",10,100,True,False,True,True,effective_tflops = token*model_dim*inter_dim*3*topk*2 / combined_us / 1e6; mfu = effective_tflops / 4523,deepseek_v3,7168,256,257,9,a4w4,silu,64,64,256,256,64,256,256,1,4,0,0,16,baseline,front,1,0,744.75,311.0,0.0,1055.75,1691.9,6.006902816007578,0.0013280793314188765,152.15786553492967,449.64349269866943,1.037809591797334e-05,True,"HIP_VISIBLE_DEVICES=0 FLYDSL_PERF_DIST=1 python3 /sgl-workspace/FlyDSL-mxfp4-moe/tests/kernels/test_moe_gemm.py --in_dtype fp4 -dim 7168,256 -t 64 -e 257 -k 9 --num_warmup 10 --num_iters 100 --tile_m 64 --tile_m2 64 --tile_n 256 --tile_k 256 --tile_n2 256 --tile_k2 256 --persist_m1 1 --persist_m2 4 --xcd_swizzle1 0 --xcd_swizzle2 0 --stage2_lds_load_bytes 16 --stage2_a_prefetch_schedule baseline --stage2_a_prefetch_scope front --k_batch1 1 --waves_per_eu2 0 --skip_ref true --compare_aiter_ck false",,,checked
0,AMD Instinct MI350X,rlcr/mxfp4-moe,8e09bfab79f599c248dcb718a382541eb5af57cd,"HIP_VISIBLE_DEVICES=0 FLYDSL_PERF_DIST=1 python3 /sgl-workspace/FlyDSL-mxfp4-moe/tests/kernels/test_moe_gemm.py --in_dtype fp4 -dim 7168,256 -t 128 -e 257 -k 9 --num_warmup 10 --num_iters 100 --tile_m 64 --tile_m2 64 --tile_n 256 --tile_k 256 --tile_n2 256 --tile_k2 256 --persist_m1 1 --persist_m2 4 --xcd_swizzle1 0 --xcd_swizzle2 0 --stage2_lds_load_bytes 16 --stage2_a_prefetch_schedule baseline --stage2_a_prefetch_scope front --k_batch1 1 --waves_per_eu2 0 --skip_ref true --compare_aiter_ck false ; HIP_VISIBLE_DEVICES=0 python3 /sgl-workspace/FlyDSL-mxfp4-moe/scripts/aiter_strict_point.py --model-dim 7168 --inter-dim 256 -e 257 -k 9 -t 128 --aq fp4 --wq fp4 --act silu --gate separated --warmup 10 --iters 100 --aiter-repo /sgl-workspace/aiter",10,100,True,False,True,True,effective_tflops = token*model_dim*inter_dim*3*topk*2 / combined_us / 1e6; mfu = effective_tflops / 4523,deepseek_v3,7168,256,257,9,a4w4,silu,128,64,256,256,64,256,256,1,4,0,0,16,baseline,front,1,0,165.95,96.85,0.0,262.8,448.7,48.26322410958904,0.010670622177667266,161.21494265350813,453.9039880037308,1.0309771921068744e-05,True,"HIP_VISIBLE_DEVICES=0 FLYDSL_PERF_DIST=1 python3 /sgl-workspace/FlyDSL-mxfp4-moe/tests/kernels/test_moe_gemm.py --in_dtype fp4 -dim 7168,256 -t 128 -e 257 -k 9 --num_warmup 10 --num_iters 100 --tile_m 64 --tile_m2 64 --tile_n 256 --tile_k 256 --tile_n2 256 --tile_k2 256 --persist_m1 1 --persist_m2 4 --xcd_swizzle1 0 --xcd_swizzle2 0 --stage2_lds_load_bytes 16 --stage2_a_prefetch_schedule baseline --stage2_a_prefetch_scope front --k_batch1 1 --waves_per_eu2 0 --skip_ref true --compare_aiter_ck false",,,checked
0,AMD Instinct MI350X,rlcr/mxfp4-moe,8e09bfab79f599c248dcb718a382541eb5af57cd,"HIP_VISIBLE_DEVICES=0 FLYDSL_PERF_DIST=1 python3 /sgl-workspace/FlyDSL-mxfp4-moe/tests/kernels/test_moe_gemm.py --in_dtype fp4 -dim 7168,256 -t 256 -e 257 -k 9 --num_warmup 10 --num_iters 100 --tile_m 64 --tile_m2 64 --tile_n 256 --tile_k 256 --tile_n2 256 --tile_k2 256 --persist_m1 1 --persist_m2 4 --xcd_swizzle1 0 --xcd_swizzle2 0 --stage2_lds_load_bytes 16 --stage2_a_prefetch_schedule baseline --stage2_a_prefetch_scope front --k_batch1 1 --waves_per_eu2 0 --skip_ref true --compare_aiter_ck false ; HIP_VISIBLE_DEVICES=0 python3 /sgl-workspace/FlyDSL-mxfp4-moe/scripts/aiter_strict_point.py --model-dim 7168 --inter-dim 256 -e 257 -k 9 -t 256 --aq fp4 --wq fp4 --act silu --gate separated --warmup 10 --iters 100 --aiter-repo /sgl-workspace/aiter",10,100,True,False,True,True,effective_tflops = token*model_dim*inter_dim*3*topk*2 / combined_us / 1e6; mfu = effective_tflops / 4523,deepseek_v3,7168,256,257,9,a4w4,silu,256,64,256,256,64,256,256,1,4,0,0,16,baseline,front,1,0,170.65,102.35,0.0,273.0,346.9,92.91996553846154,0.020543879181618735,174.66846129663975,639.8855149745941,1.0139643974671486e-05,True,"HIP_VISIBLE_DEVICES=0 FLYDSL_PERF_DIST=1 python3 /sgl-workspace/FlyDSL-mxfp4-moe/tests/kernels/test_moe_gemm.py --in_dtype fp4 -dim 7168,256 -t 256 -e 257 -k 9 --num_warmup 10 --num_iters 100 --tile_m 64 --tile_m2 64 --tile_n 256 --tile_k 256 --tile_n2 256 --tile_k2 256 --persist_m1 1 --persist_m2 4 --xcd_swizzle1 0 --xcd_swizzle2 0 --stage2_lds_load_bytes 16 --stage2_a_prefetch_schedule baseline --stage2_a_prefetch_scope front --k_batch1 1 --waves_per_eu2 0 --skip_ref true --compare_aiter_ck false",,,checked
0,AMD Instinct MI350X,rlcr/mxfp4-moe,8e09bfab79f599c248dcb718a382541eb5af57cd,"HIP_VISIBLE_DEVICES=0 FLYDSL_PERF_DIST=1 python3 /sgl-workspace/FlyDSL-mxfp4-moe/tests/kernels/test_moe_gemm.py --in_dtype fp4 -dim 7168,256 -t 512 -e 257 -k 9 --num_warmup 10 --num_iters 100 --tile_m 64 --tile_m2 64 --tile_n 256 --tile_k 256 --tile_n2 256 --tile_k2 256 --persist_m1 1 --persist_m2 4 --xcd_swizzle1 0 --xcd_swizzle2 0 --stage2_lds_load_bytes 16 --stage2_a_prefetch_schedule baseline --stage2_a_prefetch_scope front --k_batch1 1 --waves_per_eu2 0 --skip_ref true --compare_aiter_ck false ; HIP_VISIBLE_DEVICES=0 python3 /sgl-workspace/FlyDSL-mxfp4-moe/scripts/aiter_strict_point.py --model-dim 7168 --inter-dim 256 -e 257 -k 9 -t 512 --aq fp4 --wq fp4 --act silu --gate separated --warmup 10 --iters 100 --aiter-repo /sgl-workspace/aiter",10,100,True,False,True,True,effective_tflops = token*model_dim*inter_dim*3*topk*2 / combined_us / 1e6; mfu = effective_tflops / 4523,deepseek_v3,7168,256,257,9,a4w4,silu,512,64,256,256,64,256,256,1,4,0,0,16,baseline,front,1,0,270.1,177.8,0.0,447.9,746.8,113.27149181513731,0.02504344280679578,484.5853136693376,1688.6535584926605,1.0138585912256026e-05,True,"HIP_VISIBLE_DEVICES=0 FLYDSL_PERF_DIST=1 python3 /sgl-workspace/FlyDSL-mxfp4-moe/tests/kernels/test_moe_gemm.py --in_dtype fp4 -dim 7168,256 -t 512 -e 257 -k 9 --num_warmup 10 --num_iters 100 --tile_m 64 --tile_m2 64 --tile_n 256 --tile_k 256 --tile_n2 256 --tile_k2 256 --persist_m1 1 --persist_m2 4 --xcd_swizzle1 0 --xcd_swizzle2 0 --stage2_lds_load_bytes 16 --stage2_a_prefetch_schedule baseline --stage2_a_prefetch_scope front --k_batch1 1 --waves_per_eu2 0 --skip_ref true --compare_aiter_ck false",,,checked
0,AMD Instinct MI350X,rlcr/mxfp4-moe,8e09bfab79f599c248dcb718a382541eb5af57cd,"HIP_VISIBLE_DEVICES=0 FLYDSL_PERF_DIST=1 python3 /sgl-workspace/FlyDSL-mxfp4-moe/tests/kernels/test_moe_gemm.py --in_dtype fp4 -dim 7168,256 -t 1024 -e 257 -k 9 --num_warmup 10 --num_iters 100 --tile_m 64 --tile_m2 64 --tile_n 256 --tile_k 256 --tile_n2 256 --tile_k2 256 --persist_m1 1 --persist_m2 4 --xcd_swizzle1 0 --xcd_swizzle2 0 --stage2_lds_load_bytes 16 --stage2_a_prefetch_schedule baseline --stage2_a_prefetch_scope front --k_batch1 1 --waves_per_eu2 0 --skip_ref true --compare_aiter_ck false ; HIP_VISIBLE_DEVICES=0 python3 /sgl-workspace/FlyDSL-mxfp4-moe/scripts/aiter_strict_point.py --model-dim 7168 --inter-dim 256 -e 257 -k 9 -t 1024 --aq fp4 --wq fp4 --act silu --gate separated --warmup 10 --iters 100 --aiter-repo /sgl-workspace/aiter",10,100,True,False,True,True,effective_tflops = token*model_dim*inter_dim*3*topk*2 / combined_us / 1e6; mfu = effective_tflops / 4523,deepseek_v3,7168,256,257,9,a4w4,silu,1024,64,256,256,64,256,256,1,4,0,0,16,baseline,front,1,0,258.05,135.5,0.0,393.55,519.0,257.8289985211536,0.057003979332556624,245.54009738955898,711.0059857368469,3.4334079871412015e-06,True,"HIP_VISIBLE_DEVICES=0 FLYDSL_PERF_DIST=1 python3 /sgl-workspace/FlyDSL-mxfp4-moe/tests/kernels/test_moe_gemm.py --in_dtype fp4 -dim 7168,256 -t 1024 -e 257 -k 9 --num_warmup 10 --num_iters 100 --tile_m 64 --tile_m2 64 --tile_n 256 --tile_k 256 --tile_n2 256 --tile_k2 256 --persist_m1 1 --persist_m2 4 --xcd_swizzle1 0 --xcd_swizzle2 0 --stage2_lds_load_bytes 16 --stage2_a_prefetch_schedule baseline --stage2_a_prefetch_scope front --k_batch1 1 --waves_per_eu2 0 --skip_ref true --compare_aiter_ck false",,,checked
0,AMD Instinct MI350X,rlcr/mxfp4-moe,8e09bfab79f599c248dcb718a382541eb5af57cd,"HIP_VISIBLE_DEVICES=0 FLYDSL_PERF_DIST=1 python3 /sgl-workspace/FlyDSL-mxfp4-moe/tests/kernels/test_moe_gemm.py --in_dtype fp4 -dim 7168,256 -t 2048 -e 257 -k 9 --num_warmup 10 --num_iters 100 --tile_m 64 --tile_m2 64 --tile_n 256 --tile_k 256 --tile_n2 256 --tile_k2 256 --persist_m1 1 --persist_m2 4 --xcd_swizzle1 0 --xcd_swizzle2 0 --stage2_lds_load_bytes 16 --stage2_a_prefetch_schedule baseline --stage2_a_prefetch_scope front --k_batch1 1 --waves_per_eu2 0 --skip_ref true --compare_aiter_ck false ; HIP_VISIBLE_DEVICES=0 python3 /sgl-workspace/FlyDSL-mxfp4-moe/scripts/aiter_strict_point.py --model-dim 7168 --inter-dim 256 -e 257 -k 9 -t 2048 --aq fp4 --wq fp4 --act silu --gate separated --warmup 10 --iters 100 --aiter-repo /sgl-workspace/aiter",10,100,True,False,True,True,effective_tflops = token*model_dim*inter_dim*3*topk*2 / combined_us / 1e6; mfu = effective_tflops / 4523,deepseek_v3,7168,256,257,9,a4w4,silu,2048,64,256,256,64,256,256,1,4,0,0,16,baseline,front,1,0,171.39999999999998,277.4,0.0,448.79999999999995,492.05,452.17737240641713,0.09997288799611256,393.7413177466867,782.7464938163757,3.4369722652360934e-06,True,"HIP_VISIBLE_DEVICES=0 FLYDSL_PERF_DIST=1 python3 /sgl-workspace/FlyDSL-mxfp4-moe/tests/kernels/test_moe_gemm.py --in_dtype fp4 -dim 7168,256 -t 2048 -e 257 -k 9 --num_warmup 10 --num_iters 100 --tile_m 64 --tile_m2 64 --tile_n 256 --tile_k 256 --tile_n2 256 --tile_k2 256 --persist_m1 1 --persist_m2 4 --xcd_swizzle1 0 --xcd_swizzle2 0 --stage2_lds_load_bytes 16 --stage2_a_prefetch_schedule baseline --stage2_a_prefetch_scope front --k_batch1 1 --waves_per_eu2 0 --skip_ref true --compare_aiter_ck false",,,checked
0,AMD Instinct MI350X,rlcr/mxfp4-moe,8e09bfab79f599c248dcb718a382541eb5af57cd,"HIP_VISIBLE_DEVICES=0 FLYDSL_PERF_DIST=1 python3 /sgl-workspace/FlyDSL-mxfp4-moe/tests/kernels/test_moe_gemm.py --in_dtype fp4 -dim 7168,256 -t 4096 -e 257 -k 9 --num_warmup 10 --num_iters 100 --tile_m 64 --tile_m2 64 --tile_n 256 --tile_k 256 --tile_n2 256 --tile_k2 256 --persist_m1 1 --persist_m2 4 --xcd_swizzle1 0 --xcd_swizzle2 0 --stage2_lds_load_bytes 16 --stage2_a_prefetch_schedule baseline --stage2_a_prefetch_scope front --k_batch1 1 --waves_per_eu2 0 --skip_ref true --compare_aiter_ck false ; HIP_VISIBLE_DEVICES=0 python3 /sgl-workspace/FlyDSL-mxfp4-moe/scripts/aiter_strict_point.py --model-dim 7168 --inter-dim 256 -e 257 -k 9 -t 4096 --aq fp4 --wq fp4 --act silu --gate separated --warmup 10 --iters 100 --aiter-repo /sgl-workspace/aiter",10,100,True,False,True,True,effective_tflops = token*model_dim*inter_dim*3*topk*2 / combined_us / 1e6; mfu = effective_tflops / 4523,deepseek_v3,7168,256,257,9,a4w4,silu,4096,64,256,256,64,256,256,1,4,0,0,16,baseline,front,1,0,250.39999999999998,498.25,0.0,748.65,969.5999999999999,542.1417344179523,0.11986330630509669,567.1211585227268,731.6865026950836,3.4367539085700116e-06,True,"HIP_VISIBLE_DEVICES=0 FLYDSL_PERF_DIST=1 python3 /sgl-workspace/FlyDSL-mxfp4-moe/tests/kernels/test_moe_gemm.py --in_dtype fp4 -dim 7168,256 -t 4096 -e 257 -k 9 --num_warmup 10 --num_iters 100 --tile_m 64 --tile_m2 64 --tile_n 256 --tile_k 256 --tile_n2 256 --tile_k2 256 --persist_m1 1 --persist_m2 4 --xcd_swizzle1 0 --xcd_swizzle2 0 --stage2_lds_load_bytes 16 --stage2_a_prefetch_schedule baseline --stage2_a_prefetch_scope front --k_batch1 1 --waves_per_eu2 0 --skip_ref true --compare_aiter_ck false",,,checked
0,AMD Instinct MI350X,rlcr/mxfp4-moe,8e09bfab79f599c248dcb718a382541eb5af57cd,"HIP_VISIBLE_DEVICES=0 FLYDSL_PERF_DIST=1 python3 /sgl-workspace/FlyDSL-mxfp4-moe/tests/kernels/test_moe_gemm.py --in_dtype fp4 -dim 7168,256 -t 8192 -e 257 -k 9 --num_warmup 10 --num_iters 100 --tile_m 64 --tile_m2 64 --tile_n 256 --tile_k 256 --tile_n2 256 --tile_k2 256 --persist_m1 1 --persist_m2 4 --xcd_swizzle1 0 --xcd_swizzle2 0 --stage2_lds_load_bytes 16 --stage2_a_prefetch_schedule baseline --stage2_a_prefetch_scope front --k_batch1 1 --waves_per_eu2 0 --skip_ref true --compare_aiter_ck false ; HIP_VISIBLE_DEVICES=0 python3 /sgl-workspace/FlyDSL-mxfp4-moe/scripts/aiter_strict_point.py --model-dim 7168 --inter-dim 256 -e 257 -k 9 -t 8192 --aq fp4 --wq fp4 --act silu --gate separated --warmup 10 --iters 100 --aiter-repo /sgl-workspace/aiter",10,100,True,False,True,True,effective_tflops = token*model_dim*inter_dim*3*topk*2 / combined_us / 1e6; mfu = effective_tflops / 4523,deepseek_v3,7168,256,257,9,a4w4,silu,8192,64,256,256,64,256,256,1,4,0,0,16,baseline,front,1,0,424.45000000000005,1112.65,0.0,1537.1,2035.6000000000001,528.1041044460347,0.11675969587575387,978.9717764867578,1256.3109993934631,3.4355090753335205e-06,True,"HIP_VISIBLE_DEVICES=0 FLYDSL_PERF_DIST=1 python3 /sgl-workspace/FlyDSL-mxfp4-moe/tests/kernels/test_moe_gemm.py --in_dtype fp4 -dim 7168,256 -t 8192 -e 257 -k 9 --num_warmup 10 --num_iters 100 --tile_m 64 --tile_m2 64 --tile_n 256 --tile_k 256 --tile_n2 256 --tile_k2 256 --persist_m1 1 --persist_m2 4 --xcd_swizzle1 0 --xcd_swizzle2 0 --stage2_lds_load_bytes 16 --stage2_a_prefetch_schedule baseline --stage2_a_prefetch_scope front --k_batch1 1 --waves_per_eu2 0 --skip_ref true --compare_aiter_ck false",,,checked
0,AMD Instinct MI350X,rlcr/mxfp4-moe,8e09bfab79f599c248dcb718a382541eb5af57cd,"HIP_VISIBLE_DEVICES=0 FLYDSL_PERF_DIST=1 python3 /sgl-workspace/FlyDSL-mxfp4-moe/tests/kernels/test_moe_gemm.py --in_dtype fp4 -dim 7168,256 -t 16384 -e 257 -k 9 --num_warmup 10 --num_iters 100 --tile_m 64 --tile_m2 64 --tile_n 256 --tile_k 256 --tile_n2 256 --tile_k2 256 --persist_m1 1 --persist_m2 4 --xcd_swizzle1 0 --xcd_swizzle2 0 --stage2_lds_load_bytes 16 --stage2_a_prefetch_schedule baseline --stage2_a_prefetch_scope front --k_batch1 1 --waves_per_eu2 0 --skip_ref true --compare_aiter_ck false ; HIP_VISIBLE_DEVICES=0 python3 /sgl-workspace/FlyDSL-mxfp4-moe/scripts/aiter_strict_point.py --model-dim 7168 --inter-dim 256 -e 257 -k 9 -t 16384 --aq fp4 --wq fp4 --act silu --gate separated --warmup 10 --iters 100 --aiter-repo /sgl-workspace/aiter",10,100,True,False,True,True,effective_tflops = token*model_dim*inter_dim*3*topk*2 / combined_us / 1e6; mfu = effective_tflops / 4523,deepseek_v3,7168,256,257,9,a4w4,silu,16384,64,256,256,64,256,256,1,4,0,0,16,baseline,front,1,0,668.65,1213.95,0.0,1882.6000000000001,1916.55,862.3699340741528,0.1906632620106462,1699.7156373626358,1993.2764768600464,3.43616037190575e-06,True,"HIP_VISIBLE_DEVICES=0 FLYDSL_PERF_DIST=1 python3 /sgl-workspace/FlyDSL-mxfp4-moe/tests/kernels/test_moe_gemm.py --in_dtype fp4 -dim 7168,256 -t 16384 -e 257 -k 9 --num_warmup 10 --num_iters 100 --tile_m 64 --tile_m2 64 --tile_n 256 --tile_k 256 --tile_n2 256 --tile_k2 256 --persist_m1 1 --persist_m2 4 --xcd_swizzle1 0 --xcd_swizzle2 0 --stage2_lds_load_bytes 16 --stage2_a_prefetch_schedule baseline --stage2_a_prefetch_scope front --k_batch1 1 --waves_per_eu2 0 --skip_ref true --compare_aiter_ck false",,,checked
0,AMD Instinct MI350X,rlcr/mxfp4-moe,8e09bfab79f599c248dcb718a382541eb5af57cd,"HIP_VISIBLE_DEVICES=0 FLYDSL_PERF_DIST=1 python3 /sgl-workspace/FlyDSL-mxfp4-moe/tests/kernels/test_moe_gemm.py --in_dtype fp4 -dim 7168,256 -t 32768 -e 257 -k 9 --num_warmup 10 --num_iters 100 --tile_m 64 --tile_m2 64 --tile_n 256 --tile_k 256 --tile_n2 256 --tile_k2 256 --persist_m1 1 --persist_m2 4 --xcd_swizzle1 0 --xcd_swizzle2 0 --stage2_lds_load_bytes 16 --stage2_a_prefetch_schedule baseline --stage2_a_prefetch_scope front --k_batch1 1 --waves_per_eu2 0 --skip_ref true --compare_aiter_ck false ; HIP_VISIBLE_DEVICES=0 python3 /sgl-workspace/FlyDSL-mxfp4-moe/scripts/aiter_strict_point.py --model-dim 7168 --inter-dim 256 -e 257 -k 9 -t 32768 --aq fp4 --wq fp4 --act silu --gate separated --warmup 10 --iters 100 --aiter-repo /sgl-workspace/aiter",10,100,True,False,True,True,effective_tflops = token*model_dim*inter_dim*3*topk*2 / combined_us / 1e6; mfu = effective_tflops / 4523,deepseek_v3,7168,256,257,9,a4w4,silu,32768,64,256,256,64,256,256,1,4,0,0,16,baseline,front,1,0,1056.9,2388.45,0.0,3445.3499999999995,3517.8999999999996,942.4282803709349,0.20836353755713793,3257.7710887626263,3794.06201839447,3.4357588940547856e-06,True,"HIP_VISIBLE_DEVICES=0 FLYDSL_PERF_DIST=1 python3 /sgl-workspace/FlyDSL-mxfp4-moe/tests/kernels/test_moe_gemm.py --in_dtype fp4 -dim 7168,256 -t 32768 -e 257 -k 9 --num_warmup 10 --num_iters 100 --tile_m 64 --tile_m2 64 --tile_n 256 --tile_k 256 --tile_n2 256 --tile_k2 256 --persist_m1 1 --persist_m2 4 --xcd_swizzle1 0 --xcd_swizzle2 0 --stage2_lds_load_bytes 16 --stage2_a_prefetch_schedule baseline --stage2_a_prefetch_scope front --k_batch1 1 --waves_per_eu2 0 --skip_ref true --compare_aiter_ck false",,,checked
0,AMD Instinct MI350X,rlcr/mxfp4-moe,8e09bfab79f599c248dcb718a382541eb5af57cd,"HIP_VISIBLE_DEVICES=0 FLYDSL_PERF_DIST=1 python3 /sgl-workspace/FlyDSL-mxfp4-moe/tests/kernels/test_moe_gemm.py --in_dtype fp4 -dim 3072,3072 -t 256 -e 128 -k 4 --num_warmup 10 --num_iters 100 --tile_m 32 --tile_m2 32 --tile_n 128 --tile_k 256 --tile_n2 256 --tile_k2 256 --persist_m1 1 --persist_m2 4 --xcd_swizzle1 0 --xcd_swizzle2 0 --stage2_lds_load_bytes 16 --stage2_a_prefetch_schedule baseline --stage2_a_prefetch_scope front --k_batch1 1 --waves_per_eu2 0 --skip_ref true --compare_aiter_ck false ; HIP_VISIBLE_DEVICES=0 python3 /sgl-workspace/FlyDSL-mxfp4-moe/scripts/aiter_strict_point.py --model-dim 3072 --inter-dim 3072 -e 128 -k 4 -t 256 --aq fp4 --wq fp4 --act swiglu --gate separated --warmup 10 --iters 100 --aiter-repo /sgl-workspace/aiter",10,100,True,False,True,True,effective_tflops = token*model_dim*inter_dim*3*topk*2 / combined_us / 1e6; mfu = effective_tflops / 4523,gpt_oss,3072,3072,128,4,a4w4,swiglu,256,32,128,256,32,256,256,1,4,0,0,16,baseline,front,1,0,561.9,214.55,0.0,776.45,1209.15,74.6758432558439,0.01651024613217862,328.273610133594,1833.3550095558167,6.189416736801512e-06,True,"HIP_VISIBLE_DEVICES=0 FLYDSL_PERF_DIST=1 python3 /sgl-workspace/FlyDSL-mxfp4-moe/tests/kernels/test_moe_gemm.py --in_dtype fp4 -dim 3072,3072 -t 256 -e 128 -k 4 --num_warmup 10 --num_iters 100 --tile_m 32 --tile_m2 32 --tile_n 128 --tile_k 256 --tile_n2 256 --tile_k2 256 --persist_m1 1 --persist_m2 4 --xcd_swizzle1 0 --xcd_swizzle2 0 --stage2_lds_load_bytes 16 --stage2_a_prefetch_schedule baseline --stage2_a_prefetch_scope front --k_batch1 1 --waves_per_eu2 0 --skip_ref true --compare_aiter_ck false",,,checked
0,AMD Instinct MI350X,rlcr/mxfp4-moe,8e09bfab79f599c248dcb718a382541eb5af57cd,"HIP_VISIBLE_DEVICES=0 FLYDSL_PERF_DIST=1 python3 /sgl-workspace/FlyDSL-mxfp4-moe/tests/kernels/test_moe_gemm.py --in_dtype fp4 -dim 3072,3072 -t 512 -e 128 -k 4 --num_warmup 10 --num_iters 100 --tile_m 32 --tile_m2 32 --tile_n 128 --tile_k 256 --tile_n2 256 --tile_k2 256 --persist_m1 1 --persist_m2 4 --xcd_swizzle1 0 --xcd_swizzle2 0 --stage2_lds_load_bytes 16 --stage2_a_prefetch_schedule baseline --stage2_a_prefetch_scope front --k_batch1 1 --waves_per_eu2 0 --skip_ref true --compare_aiter_ck false ; HIP_VISIBLE_DEVICES=0 python3 /sgl-workspace/FlyDSL-mxfp4-moe/scripts/aiter_strict_point.py --model-dim 3072 --inter-dim 3072 -e 128 -k 4 -t 512 --aq fp4 --wq fp4 --act swiglu --gate separated --warmup 10 --iters 100 --aiter-repo /sgl-workspace/aiter",10,100,True,False,True,True,effective_tflops = token*model_dim*inter_dim*3*topk*2 / combined_us / 1e6; mfu = effective_tflops / 4523,gpt_oss,3072,3072,128,4,a4w4,swiglu,512,32,128,256,32,256,256,1,4,0,0,16,baseline,front,1,0,254.6,150.3,0.0,404.9,433.05,286.4018695776735,0.06332121812462381,368.49218922902463,732.1860194206238,6.17791747514751e-06,True,"HIP_VISIBLE_DEVICES=0 FLYDSL_PERF_DIST=1 python3 /sgl-workspace/FlyDSL-mxfp4-moe/tests/kernels/test_moe_gemm.py --in_dtype fp4 -dim 3072,3072 -t 512 -e 128 -k 4 --num_warmup 10 --num_iters 100 --tile_m 32 --tile_m2 32 --tile_n 128 --tile_k 256 --tile_n2 256 --tile_k2 256 --persist_m1 1 --persist_m2 4 --xcd_swizzle1 0 --xcd_swizzle2 0 --stage2_lds_load_bytes 16 --stage2_a_prefetch_schedule baseline --stage2_a_prefetch_scope front --k_batch1 1 --waves_per_eu2 0 --skip_ref true --compare_aiter_ck false",,,checked
0,AMD Instinct MI350X,rlcr/mxfp4-moe,8e09bfab79f599c248dcb718a382541eb5af57cd,"HIP_VISIBLE_DEVICES=0 FLYDSL_PERF_DIST=1 python3 /sgl-workspace/FlyDSL-mxfp4-moe/tests/kernels/test_moe_gemm.py --in_dtype fp4 -dim 3072,3072 -t 1024 -e 128 -k 4 --num_warmup 10 --num_iters 100 --tile_m 32 --tile_m2 32 --tile_n 128 --tile_k 256 --tile_n2 256 --tile_k2 256 --persist_m1 1 --persist_m2 4 --xcd_swizzle1 0 --xcd_swizzle2 0 --stage2_lds_load_bytes 16 --stage2_a_prefetch_schedule baseline --stage2_a_prefetch_scope front --k_batch1 1 --waves_per_eu2 0 --skip_ref true --compare_aiter_ck false ; HIP_VISIBLE_DEVICES=0 python3 /sgl-workspace/FlyDSL-mxfp4-moe/scripts/aiter_strict_point.py --model-dim 3072 --inter-dim 3072 -e 128 -k 4 -t 1024 --aq fp4 --wq fp4 --act swiglu --gate separated --warmup 10 --iters 100 --aiter-repo /sgl-workspace/aiter",10,100,True,False,True,True,effective_tflops = token*model_dim*inter_dim*3*topk*2 / combined_us / 1e6; mfu = effective_tflops / 4523,gpt_oss,3072,3072,128,4,a4w4,swiglu,1024,32,128,256,32,256,256,1,4,0,0,16,baseline,front,1,0,264.79999999999995,236.10000000000002,0.0,500.9,532.5500000000001,463.02302652026356,0.1023707774751854,359.5173089151446,884.0474784374237,6.177388915507009e-06,True,"HIP_VISIBLE_DEVICES=0 FLYDSL_PERF_DIST=1 python3 /sgl-workspace/FlyDSL-mxfp4-moe/tests/kernels/test_moe_gemm.py --in_dtype fp4 -dim 3072,3072 -t 1024 -e 128 -k 4 --num_warmup 10 --num_iters 100 --tile_m 32 --tile_m2 32 --tile_n 128 --tile_k 256 --tile_n2 256 --tile_k2 256 --persist_m1 1 --persist_m2 4 --xcd_swizzle1 0 --xcd_swizzle2 0 --stage2_lds_load_bytes 16 --stage2_a_prefetch_schedule baseline --stage2_a_prefetch_scope front --k_batch1 1 --waves_per_eu2 0 --skip_ref true --compare_aiter_ck false",,,checked
0,AMD Instinct MI350X,rlcr/mxfp4-moe,8e09bfab79f599c248dcb718a382541eb5af57cd,"HIP_VISIBLE_DEVICES=0 FLYDSL_PERF_DIST=1 python3 /sgl-workspace/FlyDSL-mxfp4-moe/tests/kernels/test_moe_gemm.py --in_dtype fp4 -dim 3072,3072 -t 2048 -e 128 -k 4 --num_warmup 10 --num_iters 100 --tile_m 32 --tile_m2 32 --tile_n 128 --tile_k 256 --tile_n2 256 --tile_k2 256 --persist_m1 1 --persist_m2 4 --xcd_swizzle1 0 --xcd_swizzle2 0 --stage2_lds_load_bytes 16 --stage2_a_prefetch_schedule baseline --stage2_a_prefetch_scope front --k_batch1 1 --waves_per_eu2 0 --skip_ref true --compare_aiter_ck false ; HIP_VISIBLE_DEVICES=0 python3 /sgl-workspace/FlyDSL-mxfp4-moe/scripts/aiter_strict_point.py --model-dim 3072 --inter-dim 3072 -e 128 -k 4 -t 2048 --aq fp4 --wq fp4 --act swiglu --gate separated --warmup 10 --iters 100 --aiter-repo /sgl-workspace/aiter",10,100,True,False,True,True,effective_tflops = token*model_dim*inter_dim*3*topk*2 / combined_us / 1e6; mfu = effective_tflops / 4523,gpt_oss,3072,3072,128,4,a4w4,swiglu,2048,32,128,256,32,256,256,1,4,0,0,16,baseline,front,1,0,332.25,312.9,0.0,645.15,676.4000000000001,718.9901076772844,0.1589631014099678,854.783193567252,845.5069959163666,6.184494432015519e-06,True,"HIP_VISIBLE_DEVICES=0 FLYDSL_PERF_DIST=1 python3 /sgl-workspace/FlyDSL-mxfp4-moe/tests/kernels/test_moe_gemm.py --in_dtype fp4 -dim 3072,3072 -t 2048 -e 128 -k 4 --num_warmup 10 --num_iters 100 --tile_m 32 --tile_m2 32 --tile_n 128 --tile_k 256 --tile_n2 256 --tile_k2 256 --persist_m1 1 --persist_m2 4 --xcd_swizzle1 0 --xcd_swizzle2 0 --stage2_lds_load_bytes 16 --stage2_a_prefetch_schedule baseline --stage2_a_prefetch_scope front --k_batch1 1 --waves_per_eu2 0 --skip_ref true --compare_aiter_ck false",,,checked
0,AMD Instinct MI350X,rlcr/mxfp4-moe,8e09bfab79f599c248dcb718a382541eb5af57cd,"HIP_VISIBLE_DEVICES=0 FLYDSL_PERF_DIST=1 python3 /sgl-workspace/FlyDSL-mxfp4-moe/tests/kernels/test_moe_gemm.py --in_dtype fp4 -dim 3072,3072 -t 4096 -e 128 -k 4 --num_warmup 10 --num_iters 100 --tile_m 32 --tile_m2 32 --tile_n 128 --tile_k 256 --tile_n2 256 --tile_k2 256 --persist_m1 1 --persist_m2 4 --xcd_swizzle1 0 --xcd_swizzle2 0 --stage2_lds_load_bytes 16 --stage2_a_prefetch_schedule baseline --stage2_a_prefetch_scope front --k_batch1 1 --waves_per_eu2 0 --skip_ref true --compare_aiter_ck false ; HIP_VISIBLE_DEVICES=0 python3 /sgl-workspace/FlyDSL-mxfp4-moe/scripts/aiter_strict_point.py --model-dim 3072 --inter-dim 3072 -e 128 -k 4 -t 4096 --aq fp4 --wq fp4 --act swiglu --gate separated --warmup 10 --iters 100 --aiter-repo /sgl-workspace/aiter",10,100,True,False,True,True,effective_tflops = token*model_dim*inter_dim*3*topk*2 / combined_us / 1e6; mfu = effective_tflops / 4523,gpt_oss,3072,3072,128,4,a4w4,swiglu,4096,32,128,256,32,256,256,1,4,0,0,16,baseline,front,1,0,464.3,570.0999999999999,0.0,1034.4,1247.4,896.8609202784222,0.1982889498736286,837.0584684519463,1171.850025653839,6.188388087080554e-06,True,"HIP_VISIBLE_DEVICES=0 FLYDSL_PERF_DIST=1 python3 /sgl-workspace/FlyDSL-mxfp4-moe/tests/kernels/test_moe_gemm.py --in_dtype fp4 -dim 3072,3072 -t 4096 -e 128 -k 4 --num_warmup 10 --num_iters 100 --tile_m 32 --tile_m2 32 --tile_n 128 --tile_k 256 --tile_n2 256 --tile_k2 256 --persist_m1 1 --persist_m2 4 --xcd_swizzle1 0 --xcd_swizzle2 0 --stage2_lds_load_bytes 16 --stage2_a_prefetch_schedule baseline --stage2_a_prefetch_scope front --k_batch1 1 --waves_per_eu2 0 --skip_ref true --compare_aiter_ck false",,,checked
0,AMD Instinct MI350X,rlcr/mxfp4-moe,f91b3394a71248a6b7cb89b99dfae1f9331e104e,"HIP_VISIBLE_DEVICES=0 FLYDSL_PERF_DIST=1 python3 /sgl-workspace/FlyDSL-mxfp4-moe/tests/kernels/test_moe_gemm.py --in_dtype fp4 -dim 3072,3072 -t 8192 -e 128 -k 4 --num_warmup 10 --num_iters 100 --tile_m 32 --tile_m2 32 --tile_n 128 --tile_k 256 --tile_n2 256 --tile_k2 256 --persist_m1 1 --persist_m2 1 --xcd_swizzle1 0 --xcd_swizzle2 0 --stage2_lds_load_bytes 16 --stage2_a_prefetch_schedule baseline --stage2_a_prefetch_scope front --k_batch1 1 --waves_per_eu2 0 --skip_ref true --compare_aiter_ck false ; HIP_VISIBLE_DEVICES=0 python3 /sgl-workspace/FlyDSL-mxfp4-moe/scripts/aiter_strict_point.py --model-dim 3072 --inter-dim 3072 -e 128 -k 4 -t 8192 --aq fp4 --wq fp4 --act swiglu --gate separated --warmup 10 --iters 100 --aiter-repo /sgl-workspace/aiter",10,100,True,False,True,True,effective_tflops = token*model_dim*inter_dim*3*topk*2 / combined_us / 1e6; mfu = effective_tflops / 4523,gpt_oss,3072,3072,128,4,a4w4,swiglu,8192,32,128,256,32,256,256,1,1,0,0,16,baseline,front,1,0,740.4,697.5,0.0,1437.9,1545.7,1290.3719812726893,0.2852911742809395,1096.4258901098879,1430.4109811782837,6.181089333701095e-06,True,"HIP_VISIBLE_DEVICES=0 FLYDSL_PERF_DIST=1 python3 /sgl-workspace/FlyDSL-mxfp4-moe/tests/kernels/test_moe_gemm.py --in_dtype fp4 -dim 3072,3072 -t 8192 -e 128 -k 4 --num_warmup 10 --num_iters 100 --tile_m 32 --tile_m2 32 --tile_n 128 --tile_k 256 --tile_n2 256 --tile_k2 256 --persist_m1 1 --persist_m2 1 --xcd_swizzle1 0 --xcd_swizzle2 0 --stage2_lds_load_bytes 16 --stage2_a_prefetch_schedule baseline --stage2_a_prefetch_scope front --k_batch1 1 --waves_per_eu2 0 --skip_ref true --compare_aiter_ck false",,,checked
0,AMD Instinct MI350X,rlcr/mxfp4-moe,f91b3394a71248a6b7cb89b99dfae1f9331e104e,"HIP_VISIBLE_DEVICES=0 FLYDSL_PERF_DIST=1 python3 /sgl-workspace/FlyDSL-mxfp4-moe/tests/kernels/test_moe_gemm.py --in_dtype fp4 -dim 3072,3072 -t 16384 -e 128 -k 4 --num_warmup 10 --num_iters 100 --tile_m 32 --tile_m2 32 --tile_n 128 --tile_k 256 --tile_n2 256 --tile_k2 256 --persist_m1 1 --persist_m2 1 --xcd_swizzle1 0 --xcd_swizzle2 0 --stage2_lds_load_bytes 16 --stage2_a_prefetch_schedule baseline --stage2_a_prefetch_scope front --k_batch1 1 --waves_per_eu2 0 --skip_ref true --compare_aiter_ck false ; HIP_VISIBLE_DEVICES=0 python3 /sgl-workspace/FlyDSL-mxfp4-moe/scripts/aiter_strict_point.py --model-dim 3072 --inter-dim 3072 -e 128 -k 4 -t 16384 --aq fp4 --wq fp4 --act swiglu --gate separated --warmup 10 --iters 100 --aiter-repo /sgl-workspace/aiter",10,100,True,False,True,True,effective_tflops = token*model_dim*inter_dim*3*topk*2 / combined_us / 1e6; mfu = effective_tflops / 4523,gpt_oss,3072,3072,128,4,a4w4,swiglu,16384,32,128,256,32,256,256,1,1,0,0,16,baseline,front,1,0,1320.3,1241.7,0.0,2561.0,2688.4,1448.9854524576338,0.32035937485245053,1861.0126222222248,2165.6570434570312,6.180018876089655e-06,True,"HIP_VISIBLE_DEVICES=0 FLYDSL_PERF_DIST=1 python3 /sgl-workspace/FlyDSL-mxfp4-moe/tests/kernels/test_moe_gemm.py --in_dtype fp4 -dim 3072,3072 -t 16384 -e 128 -k 4 --num_warmup 10 --num_iters 100 --tile_m 32 --tile_m2 32 --tile_n 128 --tile_k 256 --tile_n2 256 --tile_k2 256 --persist_m1 1 --persist_m2 1 --xcd_swizzle1 0 --xcd_swizzle2 0 --stage2_lds_load_bytes 16 --stage2_a_prefetch_schedule baseline --stage2_a_prefetch_scope front --k_batch1 1 --waves_per_eu2 0 --skip_ref true --compare_aiter_ck false",,,checked
0,AMD Instinct MI350X,rlcr/mxfp4-moe,f91b3394a71248a6b7cb89b99dfae1f9331e104e,"HIP_VISIBLE_DEVICES=0 FLYDSL_PERF_DIST=1 python3 /sgl-workspace/FlyDSL-mxfp4-moe/tests/kernels/test_moe_gemm.py --in_dtype fp4 -dim 3072,3072 -t 32768 -e 128 -k 4 --num_warmup 10 --num_iters 100 --tile_m 32 --tile_m2 32 --tile_n 128 --tile_k 256 --tile_n2 256 --tile_k2 256 --persist_m1 1 --persist_m2 1 --xcd_swizzle1 0 --xcd_swizzle2 0 --stage2_lds_load_bytes 16 --stage2_a_prefetch_schedule baseline --stage2_a_prefetch_scope front --k_batch1 1 --waves_per_eu2 0 --skip_ref true --compare_aiter_ck false ; HIP_VISIBLE_DEVICES=0 python3 /sgl-workspace/FlyDSL-mxfp4-moe/scripts/aiter_strict_point.py --model-dim 3072 --inter-dim 3072 -e 128 -k 4 -t 32768 --aq fp4 --wq fp4 --act swiglu --gate separated --warmup 10 --iters 100 --aiter-repo /sgl-workspace/aiter",10,100,True,False,True,True,effective_tflops = token*model_dim*inter_dim*3*topk*2 / combined_us / 1e6; mfu = effective_tflops / 4523,gpt_oss,3072,3072,128,4,a4w4,swiglu,32768,32,128,256,32,256,256,1,1,0,0,16,baseline,front,1,0,2504.9,2341.3,0.0,4850.9,4993.8,1529.964230861902,0.33826315075434493,3451.040294736837,3702.510118484497,6.182564267542823e-06,True,"HIP_VISIBLE_DEVICES=0 FLYDSL_PERF_DIST=1 python3 /sgl-workspace/FlyDSL-mxfp4-moe/tests/kernels/test_moe_gemm.py --in_dtype fp4 -dim 3072,3072 -t 32768 -e 128 -k 4 --num_warmup 10 --num_iters 100 --tile_m 32 --tile_m2 32 --tile_n 128 --tile_k 256 --tile_n2 256 --tile_k2 256 --persist_m1 1 --persist_m2 1 --xcd_swizzle1 0 --xcd_swizzle2 0 --stage2_lds_load_bytes 16 --stage2_a_prefetch_schedule baseline --stage2_a_prefetch_scope front --k_batch1 1 --waves_per_eu2 0 --skip_ref true --compare_aiter_ck false",,,checked
0,AMD Instinct MI350X,rlcr/mxfp4-moe,8e09bfab79f599c248dcb718a382541eb5af57cd,"HIP_VISIBLE_DEVICES=0 FLYDSL_PERF_DIST=1 python3 /sgl-workspace/FlyDSL-mxfp4-moe/tests/kernels/test_moe_gemm.py --in_dtype fp4 -dim 7168,256 -t 1 -e 384 -k 8 --num_warmup 10 --num_iters 100 --tile_m 64 --tile_m2 64 --tile_n 256 --tile_k 256 --tile_n2 256 --tile_k2 256 --persist_m1 1 --persist_m2 4 --xcd_swizzle1 0 --xcd_swizzle2 0 --stage2_lds_load_bytes 16 --stage2_a_prefetch_schedule baseline --stage2_a_prefetch_scope front --k_batch1 1 --waves_per_eu2 0 --skip_ref true --compare_aiter_ck false ; HIP_VISIBLE_DEVICES=0 python3 /sgl-workspace/FlyDSL-mxfp4-moe/scripts/aiter_strict_point.py --model-dim 7168 --inter-dim 256 -e 384 -k 8 -t 1 --aq fp4 --wq fp4 --act silu --gate separated --warmup 10 --iters 100 --aiter-repo /sgl-workspace/aiter",10,100,True,False,True,True,effective_tflops = token*model_dim*inter_dim*3*topk*2 / combined_us / 1e6; mfu = effective_tflops / 4523,kimi_k2,7168,256,384,8,a4w4,silu,1,64,256,256,64,256,256,1,4,0,0,16,baseline,front,1,0,91.6,46.85,0.0,138.45,158.2,0.636189122426869,0.00014065644979590293,49.16351010101013,489.4839972257614,nan,False,"HIP_VISIBLE_DEVICES=0 FLYDSL_PERF_DIST=1 python3 /sgl-workspace/FlyDSL-mxfp4-moe/tests/kernels/test_moe_gemm.py --in_dtype fp4 -dim 7168,256 -t 1 -e 384 -k 8 --num_warmup 10 --num_iters 100 --tile_m 64 --tile_m2 64 --tile_n 256 --tile_k 256 --tile_n2 256 --tile_k2 256 --persist_m1 1 --persist_m2 4 --xcd_swizzle1 0 --xcd_swizzle2 0 --stage2_lds_load_bytes 16 --stage2_a_prefetch_schedule baseline --stage2_a_prefetch_scope front --k_batch1 1 --waves_per_eu2 0 --skip_ref true --compare_aiter_ck false",,reference_invalid,checked
0,AMD Instinct MI350X,rlcr/mxfp4-moe,8e09bfab79f599c248dcb718a382541eb5af57cd,"HIP_VISIBLE_DEVICES=0 FLYDSL_PERF_DIST=1 python3 /sgl-workspace/FlyDSL-mxfp4-moe/tests/kernels/test_moe_gemm.py --in_dtype fp4 -dim 7168,256 -t 2 -e 384 -k 8 --num_warmup 10 --num_iters 100 --tile_m 64 --tile_m2 64 --tile_n 256 --tile_k 256 --tile_n2 256 --tile_k2 256 --persist_m1 1 --persist_m2 4 --xcd_swizzle1 0 --xcd_swizzle2 0 --stage2_lds_load_bytes 16 --stage2_a_prefetch_schedule baseline --stage2_a_prefetch_scope front --k_batch1 1 --waves_per_eu2 0 --skip_ref true --compare_aiter_ck false ; HIP_VISIBLE_DEVICES=0 python3 /sgl-workspace/FlyDSL-mxfp4-moe/scripts/aiter_strict_point.py --model-dim 7168 --inter-dim 256 -e 384 -k 8 -t 2 --aq fp4 --wq fp4 --act silu --gate separated --warmup 10 --iters 100 --aiter-repo /sgl-workspace/aiter",10,100,True,False,True,True,effective_tflops = token*model_dim*inter_dim*3*topk*2 / combined_us / 1e6; mfu = effective_tflops / 4523,kimi_k2,7168,256,384,8,a4w4,silu,2,64,256,256,64,256,256,1,4,0,0,16,baseline,front,1,0,120.95,52.4,0.0,173.35000000000002,209.15,1.0162144101528698,0.00022467707498405258,52.20275757575739,484.0040057897568,nan,False,"HIP_VISIBLE_DEVICES=0 FLYDSL_PERF_DIST=1 python3 /sgl-workspace/FlyDSL-mxfp4-moe/tests/kernels/test_moe_gemm.py --in_dtype fp4 -dim 7168,256 -t 2 -e 384 -k 8 --num_warmup 10 --num_iters 100 --tile_m 64 --tile_m2 64 --tile_n 256 --tile_k 256 --tile_n2 256 --tile_k2 256 --persist_m1 1 --persist_m2 4 --xcd_swizzle1 0 --xcd_swizzle2 0 --stage2_lds_load_bytes 16 --stage2_a_prefetch_schedule baseline --stage2_a_prefetch_scope front --k_batch1 1 --waves_per_eu2 0 --skip_ref true --compare_aiter_ck false",,reference_invalid,checked
0,AMD Instinct MI350X,rlcr/mxfp4-moe,8e09bfab79f599c248dcb718a382541eb5af57cd,"HIP_VISIBLE_DEVICES=0 FLYDSL_PERF_DIST=1 python3 /sgl-workspace/FlyDSL-mxfp4-moe/tests/kernels/test_moe_gemm.py --in_dtype fp4 -dim 7168,256 -t 4 -e 384 -k 8 --num_warmup 10 --num_iters 100 --tile_m 64 --tile_m2 64 --tile_n 256 --tile_k 256 --tile_n2 256 --tile_k2 256 --persist_m1 1 --persist_m2 4 --xcd_swizzle1 0 --xcd_swizzle2 0 --stage2_lds_load_bytes 16 --stage2_a_prefetch_schedule baseline --stage2_a_prefetch_scope front --k_batch1 1 --waves_per_eu2 0 --skip_ref true --compare_aiter_ck false ; HIP_VISIBLE_DEVICES=0 python3 /sgl-workspace/FlyDSL-mxfp4-moe/scripts/aiter_strict_point.py --model-dim 7168 --inter-dim 256 -e 384 -k 8 -t 4 --aq fp4 --wq fp4 --act silu --gate separated --warmup 10 --iters 100 --aiter-repo /sgl-workspace/aiter",10,100,True,False,True,True,effective_tflops = token*model_dim*inter_dim*3*topk*2 / combined_us / 1e6; mfu = effective_tflops / 4523,kimi_k2,7168,256,384,8,a4w4,silu,4,64,256,256,64,256,256,1,4,0,0,16,baseline,front,1,0,82.6,47.4,0.0,130.0,138.60000000000002,2.7101656615384617,0.0005991964761305465,57.73032586064727,669.9855029582977,nan,False,"HIP_VISIBLE_DEVICES=0 FLYDSL_PERF_DIST=1 python3 /sgl-workspace/FlyDSL-mxfp4-moe/tests/kernels/test_moe_gemm.py --in_dtype fp4 -dim 7168,256 -t 4 -e 384 -k 8 --num_warmup 10 --num_iters 100 --tile_m 64 --tile_m2 64 --tile_n 256 --tile_k 256 --tile_n2 256 --tile_k2 256 --persist_m1 1 --persist_m2 4 --xcd_swizzle1 0 --xcd_swizzle2 0 --stage2_lds_load_bytes 16 --stage2_a_prefetch_schedule baseline --stage2_a_prefetch_scope front --k_batch1 1 --waves_per_eu2 0 --skip_ref true --compare_aiter_ck false",,reference_invalid,checked
0,AMD Instinct MI350X,rlcr/mxfp4-moe,8e09bfab79f599c248dcb718a382541eb5af57cd,"HIP_VISIBLE_DEVICES=0 FLYDSL_PERF_DIST=1 python3 /sgl-workspace/FlyDSL-mxfp4-moe/tests/kernels/test_moe_gemm.py --in_dtype fp4 -dim 7168,256 -t 8 -e 384 -k 8 --num_warmup 10 --num_iters 100 --tile_m 64 --tile_m2 64 --tile_n 256 --tile_k 256 --tile_n2 256 --tile_k2 256 --persist_m1 1 --persist_m2 4 --xcd_swizzle1 0 --xcd_swizzle2 0 --stage2_lds_load_bytes 16 --stage2_a_prefetch_schedule baseline --stage2_a_prefetch_scope front --k_batch1 1 --waves_per_eu2 0 --skip_ref true --compare_aiter_ck false ; HIP_VISIBLE_DEVICES=0 python3 /sgl-workspace/FlyDSL-mxfp4-moe/scripts/aiter_strict_point.py --model-dim 7168 --inter-dim 256 -e 384 -k 8 -t 8 --aq fp4 --wq fp4 --act silu --gate separated --warmup 10 --iters 100 --aiter-repo /sgl-workspace/aiter",10,100,True,False,True,True,effective_tflops = token*model_dim*inter_dim*3*topk*2 / combined_us / 1e6; mfu = effective_tflops / 4523,kimi_k2,7168,256,384,8,a4w4,silu,8,64,256,256,64,256,256,1,4,0,0,16,baseline,front,1,0,85.30000000000001,51.55,0.0,136.85000000000002,145.65,5.149017698209718,0.0011384076272849255,67.44258833423744,568.3645009994507,9.511339069789848e-06,True,"HIP_VISIBLE_DEVICES=0 FLYDSL_PERF_DIST=1 python3 /sgl-workspace/FlyDSL-mxfp4-moe/tests/kernels/test_moe_gemm.py --in_dtype fp4 -dim 7168,256 -t 8 -e 384 -k 8 --num_warmup 10 --num_iters 100 --tile_m 64 --tile_m2 64 --tile_n 256 --tile_k 256 --tile_n2 256 --tile_k2 256 --persist_m1 1 --persist_m2 4 --xcd_swizzle1 0 --xcd_swizzle2 0 --stage2_lds_load_bytes 16 --stage2_a_prefetch_schedule baseline --stage2_a_prefetch_scope front --k_batch1 1 --waves_per_eu2 0 --skip_ref true --compare_aiter_ck false",,,checked
0,AMD Instinct MI350X,rlcr/mxfp4-moe,8e09bfab79f599c248dcb718a382541eb5af57cd,"HIP_VISIBLE_DEVICES=0 FLYDSL_PERF_DIST=1 python3 /sgl-workspace/FlyDSL-mxfp4-moe/tests/kernels/test_moe_gemm.py --in_dtype fp4 -dim 7168,256 -t 16 -e 384 -k 8 --num_warmup 10 --num_iters 100 --tile_m 64 --tile_m2 64 --tile_n 256 --tile_k 256 --tile_n2 256 --tile_k2 256 --persist_m1 1 --persist_m2 4 --xcd_swizzle1 0 --xcd_swizzle2 0 --stage2_lds_load_bytes 16 --stage2_a_prefetch_schedule baseline --stage2_a_prefetch_scope front --k_batch1 1 --waves_per_eu2 0 --skip_ref true --compare_aiter_ck false ; HIP_VISIBLE_DEVICES=0 python3 /sgl-workspace/FlyDSL-mxfp4-moe/scripts/aiter_strict_point.py --model-dim 7168 --inter-dim 256 -e 384 -k 8 -t 16 --aq fp4 --wq fp4 --act silu --gate separated --warmup 10 --iters 100 --aiter-repo /sgl-workspace/aiter",10,100,True,False,True,True,effective_tflops = token*model_dim*inter_dim*3*topk*2 / combined_us / 1e6; mfu = effective_tflops / 4523,kimi_k2,7168,256,384,8,a4w4,silu,16,64,256,256,64,256,256,1,4,0,0,16,baseline,front,1,0,109.25,98.94999999999999,0.0,208.2,224.34999999999997,6.768905590778099,0.0014965521978284543,119.02460248829767,570.9649920463562,9.552470431772875e-06,True,"HIP_VISIBLE_DEVICES=0 FLYDSL_PERF_DIST=1 python3 /sgl-workspace/FlyDSL-mxfp4-moe/tests/kernels/test_moe_gemm.py --in_dtype fp4 -dim 7168,256 -t 16 -e 384 -k 8 --num_warmup 10 --num_iters 100 --tile_m 64 --tile_m2 64 --tile_n 256 --tile_k 256 --tile_n2 256 --tile_k2 256 --persist_m1 1 --persist_m2 4 --xcd_swizzle1 0 --xcd_swizzle2 0 --stage2_lds_load_bytes 16 --stage2_a_prefetch_schedule baseline --stage2_a_prefetch_scope front --k_batch1 1 --waves_per_eu2 0 --skip_ref true --compare_aiter_ck false",,,checked
0,AMD Instinct MI350X,rlcr/mxfp4-moe,8e09bfab79f599c248dcb718a382541eb5af57cd,"HIP_VISIBLE_DEVICES=0 FLYDSL_PERF_DIST=1 python3 /sgl-workspace/FlyDSL-mxfp4-moe/tests/kernels/test_moe_gemm.py --in_dtype fp4 -dim 7168,256 -t 32 -e 384 -k 8 --num_warmup 10 --num_iters 100 --tile_m 64 --tile_m2 64 --tile_n 256 --tile_k 256 --tile_n2 256 --tile_k2 256 --persist_m1 1 --persist_m2 4 --xcd_swizzle1 0 --xcd_swizzle2 0 --stage2_lds_load_bytes 16 --stage2_a_prefetch_schedule baseline --stage2_a_prefetch_scope front --k_batch1 1 --waves_per_eu2 0 --skip_ref true --compare_aiter_ck false ; HIP_VISIBLE_DEVICES=0 python3 /sgl-workspace/FlyDSL-mxfp4-moe/scripts/aiter_strict_point.py --model-dim 7168 --inter-dim 256 -e 384 -k 8 -t 32 --aq fp4 --wq fp4 --act silu --gate separated --warmup 10 --iters 100 --aiter-repo /sgl-workspace/aiter",10,100,True,False,True,True,effective_tflops = token*model_dim*inter_dim*3*topk*2 / combined_us / 1e6; mfu = effective_tflops / 4523,kimi_k2,7168,256,384,8,a4w4,silu,32,64,256,256,64,256,256,1,4,0,0,16,baseline,front,1,0,101.2,92.25,0.0,193.45000000000002,223.10000000000002,14.570029919875935,0.0032213199026920043,128.18033127326908,1635.9735429286957,9.448167997860857e-06,True,"HIP_VISIBLE_DEVICES=0 FLYDSL_PERF_DIST=1 python3 /sgl-workspace/FlyDSL-mxfp4-moe/tests/kernels/test_moe_gemm.py --in_dtype fp4 -dim 7168,256 -t 32 -e 384 -k 8 --num_warmup 10 --num_iters 100 --tile_m 64 --tile_m2 64 --tile_n 256 --tile_k 256 --tile_n2 256 --tile_k2 256 --persist_m1 1 --persist_m2 4 --xcd_swizzle1 0 --xcd_swizzle2 0 --stage2_lds_load_bytes 16 --stage2_a_prefetch_schedule baseline --stage2_a_prefetch_scope front --k_batch1 1 --waves_per_eu2 0 --skip_ref true --compare_aiter_ck false",,,checked
0,AMD Instinct MI350X,rlcr/mxfp4-moe,8e09bfab79f599c248dcb718a382541eb5af57cd,"HIP_VISIBLE_DEVICES=0 FLYDSL_PERF_DIST=1 python3 /sgl-workspace/FlyDSL-mxfp4-moe/tests/kernels/test_moe_gemm.py --in_dtype fp4 -dim 7168,256 -t 64 -e 384 -k 8 --num_warmup 10 --num_iters 100 --tile_m 64 --tile_m2 64 --tile_n 256 --tile_k 256 --tile_n2 256 --tile_k2 256 --persist_m1 1 --persist_m2 4 --xcd_swizzle1 0 --xcd_swizzle2 0 --stage2_lds_load_bytes 16 --stage2_a_prefetch_schedule baseline --stage2_a_prefetch_scope front --k_batch1 1 --waves_per_eu2 0 --skip_ref true --compare_aiter_ck false ; HIP_VISIBLE_DEVICES=0 python3 /sgl-workspace/FlyDSL-mxfp4-moe/scripts/aiter_strict_point.py --model-dim 7168 --inter-dim 256 -e 384 -k 8 -t 64 --aq fp4 --wq fp4 --act silu --gate separated --warmup 10 --iters 100 --aiter-repo /sgl-workspace/aiter",10,100,True,False,True,True,effective_tflops = token*model_dim*inter_dim*3*topk*2 / combined_us / 1e6; mfu = effective_tflops / 4523,kimi_k2,7168,256,384,8,a4w4,silu,64,64,256,256,64,256,256,1,4,0,0,16,baseline,front,1,0,175.2,99.15,0.0,274.35,553.9,20.547273832695463,0.004542841882090529,200.22526713211755,680.5655062198639,9.588331687404583e-06,True,"HIP_VISIBLE_DEVICES=0 FLYDSL_PERF_DIST=1 python3 /sgl-workspace/FlyDSL-mxfp4-moe/tests/kernels/test_moe_gemm.py --in_dtype fp4 -dim 7168,256 -t 64 -e 384 -k 8 --num_warmup 10 --num_iters 100 --tile_m 64 --tile_m2 64 --tile_n 256 --tile_k 256 --tile_n2 256 --tile_k2 256 --persist_m1 1 --persist_m2 4 --xcd_swizzle1 0 --xcd_swizzle2 0 --stage2_lds_load_bytes 16 --stage2_a_prefetch_schedule baseline --stage2_a_prefetch_scope front --k_batch1 1 --waves_per_eu2 0 --skip_ref true --compare_aiter_ck false",,,checked
0,AMD Instinct MI350X,rlcr/mxfp4-moe,8e09bfab79f599c248dcb718a382541eb5af57cd,"HIP_VISIBLE_DEVICES=0 FLYDSL_PERF_DIST=1 python3 /sgl-workspace/FlyDSL-mxfp4-moe/tests/kernels/test_moe_gemm.py --in_dtype fp4 -dim 7168,256 -t 128 -e 384 -k 8 --num_warmup 10 --num_iters 100 --tile_m 64 --tile_m2 64 --tile_n 256 --tile_k 256 --tile_n2 256 --tile_k2 256 --persist_m1 1 --persist_m2 4 --xcd_swizzle1 0 --xcd_swizzle2 0 --stage2_lds_load_bytes 16 --stage2_a_prefetch_schedule baseline --stage2_a_prefetch_scope front --k_batch1 1 --waves_per_eu2 0 --skip_ref true --compare_aiter_ck false ; HIP_VISIBLE_DEVICES=0 python3 /sgl-workspace/FlyDSL-mxfp4-moe/scripts/aiter_strict_point.py --model-dim 7168 --inter-dim 256 -e 384 -k 8 -t 128 --aq fp4 --wq fp4 --act silu --gate separated --warmup 10 --iters 100 --aiter-repo /sgl-workspace/aiter",10,100,True,False,True,True,effective_tflops = token*model_dim*inter_dim*3*topk*2 / combined_us / 1e6; mfu = effective_tflops / 4523,kimi_k2,7168,256,384,8,a4w4,silu,128,64,256,256,64,256,256,1,4,0,0,16,baseline,front,1,0,183.0,131.7,0.0,314.70000000000005,457.34999999999997,35.82551367016205,0.007920741470298929,261.19214193481184,594.1250026226044,0.0005548504104159191,True,"HIP_VISIBLE_DEVICES=0 FLYDSL_PERF_DIST=1 python3 /sgl-workspace/FlyDSL-mxfp4-moe/tests/kernels/test_moe_gemm.py --in_dtype fp4 -dim 7168,256 -t 128 -e 384 -k 8 --num_warmup 10 --num_iters 100 --tile_m 64 --tile_m2 64 --tile_n 256 --tile_k 256 --tile_n2 256 --tile_k2 256 --persist_m1 1 --persist_m2 4 --xcd_swizzle1 0 --xcd_swizzle2 0 --stage2_lds_load_bytes 16 --stage2_a_prefetch_schedule baseline --stage2_a_prefetch_scope front --k_batch1 1 --waves_per_eu2 0 --skip_ref true --compare_aiter_ck false",,,checked
0,AMD Instinct MI350X,rlcr/mxfp4-moe,8e09bfab79f599c248dcb718a382541eb5af57cd,"HIP_VISIBLE_DEVICES=0 FLYDSL_PERF_DIST=1 python3 /sgl-workspace/FlyDSL-mxfp4-moe/tests/kernels/test_moe_gemm.py --in_dtype fp4 -dim 7168,256 -t 256 -e 384 -k 8 --num_warmup 10 --num_iters 100 --tile_m 64 --tile_m2 64 --tile_n 256 --tile_k 256 --tile_n2 256 --tile_k2 256 --persist_m1 1 --persist_m2 4 --xcd_swizzle1 0 --xcd_swizzle2 0 --stage2_lds_load_bytes 16 --stage2_a_prefetch_schedule baseline --stage2_a_prefetch_scope front --k_batch1 1 --waves_per_eu2 0 --skip_ref true --compare_aiter_ck false ; HIP_VISIBLE_DEVICES=0 python3 /sgl-workspace/FlyDSL-mxfp4-moe/scripts/aiter_strict_point.py --model-dim 7168 --inter-dim 256 -e 384 -k 8 -t 256 --aq fp4 --wq fp4 --act silu --gate separated --warmup 10 --iters 100 --aiter-repo /sgl-workspace/aiter",10,100,True,False,True,True,effective_tflops = token*model_dim*inter_dim*3*topk*2 / combined_us / 1e6; mfu = effective_tflops / 4523,kimi_k2,7168,256,384,8,a4w4,silu,256,64,256,256,64,256,256,1,4,0,0,16,baseline,front,1,0,293.15,161.9,0.0,455.05,1107.45,49.55186969344028,0.010955531658952085,215.6086062463853,593.8849747180939,0.0006251739834538528,True,"HIP_VISIBLE_DEVICES=0 FLYDSL_PERF_DIST=1 python3 /sgl-workspace/FlyDSL-mxfp4-moe/tests/kernels/test_moe_gemm.py --in_dtype fp4 -dim 7168,256 -t 256 -e 384 -k 8 --num_warmup 10 --num_iters 100 --tile_m 64 --tile_m2 64 --tile_n 256 --tile_k 256 --tile_n2 256 --tile_k2 256 --persist_m1 1 --persist_m2 4 --xcd_swizzle1 0 --xcd_swizzle2 0 --stage2_lds_load_bytes 16 --stage2_a_prefetch_schedule baseline --stage2_a_prefetch_scope front --k_batch1 1 --waves_per_eu2 0 --skip_ref true --compare_aiter_ck false",,,checked
0,AMD Instinct MI350X,rlcr/mxfp4-moe,8e09bfab79f599c248dcb718a382541eb5af57cd,"HIP_VISIBLE_DEVICES=0 FLYDSL_PERF_DIST=1 python3 /sgl-workspace/FlyDSL-mxfp4-moe/tests/kernels/test_moe_gemm.py --in_dtype fp4 -dim 7168,256 -t 512 -e 384 -k 8 --num_warmup 10 --num_iters 100 --tile_m 64 --tile_m2 64 --tile_n 256 --tile_k 256 --tile_n2 256 --tile_k2 256 --persist_m1 1 --persist_m2 4 --xcd_swizzle1 0 --xcd_swizzle2 0 --stage2_lds_load_bytes 16 --stage2_a_prefetch_schedule baseline --stage2_a_prefetch_scope front --k_batch1 1 --waves_per_eu2 0 --skip_ref true --compare_aiter_ck false ; HIP_VISIBLE_DEVICES=0 python3 /sgl-workspace/FlyDSL-mxfp4-moe/scripts/aiter_strict_point.py --model-dim 7168 --inter-dim 256 -e 384 -k 8 -t 512 --aq fp4 --wq fp4 --act silu --gate separated --warmup 10 --iters 100 --aiter-repo /sgl-workspace/aiter",10,100,True,False,True,True,effective_tflops = token*model_dim*inter_dim*3*topk*2 / combined_us / 1e6; mfu = effective_tflops / 4523,kimi_k2,7168,256,384,8,a4w4,silu,512,64,256,256,64,256,256,1,4,0,0,16,baseline,front,1,0,181.8,135.2,0.0,317.0,326.85,142.2623236845426,0.03145308947259399,250.89344509612187,665.0654971599579,0.00060210244579606,True,"HIP_VISIBLE_DEVICES=0 FLYDSL_PERF_DIST=1 python3 /sgl-workspace/FlyDSL-mxfp4-moe/tests/kernels/test_moe_gemm.py --in_dtype fp4 -dim 7168,256 -t 512 -e 384 -k 8 --num_warmup 10 --num_iters 100 --tile_m 64 --tile_m2 64 --tile_n 256 --tile_k 256 --tile_n2 256 --tile_k2 256 --persist_m1 1 --persist_m2 4 --xcd_swizzle1 0 --xcd_swizzle2 0 --stage2_lds_load_bytes 16 --stage2_a_prefetch_schedule baseline --stage2_a_prefetch_scope front --k_batch1 1 --waves_per_eu2 0 --skip_ref true --compare_aiter_ck false",,,checked
0,AMD Instinct MI350X,rlcr/mxfp4-moe,8e09bfab79f599c248dcb718a382541eb5af57cd,"HIP_VISIBLE_DEVICES=0 FLYDSL_PERF_DIST=1 python3 /sgl-workspace/FlyDSL-mxfp4-moe/tests/kernels/test_moe_gemm.py --in_dtype fp4 -dim 7168,256 -t 1024 -e 384 -k 8 --num_warmup 10 --num_iters 100 --tile_m 64 --tile_m2 64 --tile_n 256 --tile_k 256 --tile_n2 256 --tile_k2 256 --persist_m1 1 --persist_m2 4 --xcd_swizzle1 0 --xcd_swizzle2 0 --stage2_lds_load_bytes 16 --stage2_a_prefetch_schedule baseline --stage2_a_prefetch_scope front --k_batch1 1 --waves_per_eu2 0 --skip_ref true --compare_aiter_ck false ; HIP_VISIBLE_DEVICES=0 python3 /sgl-workspace/FlyDSL-mxfp4-moe/scripts/aiter_strict_point.py --model-dim 7168 --inter-dim 256 -e 384 -k 8 -t 1024 --aq fp4 --wq fp4 --act silu --gate separated --warmup 10 --iters 100 --aiter-repo /sgl-workspace/aiter",10,100,True,False,True,True,effective_tflops = token*model_dim*inter_dim*3*topk*2 / combined_us / 1e6; mfu = effective_tflops / 4523,kimi_k2,7168,256,384,8,a4w4,silu,1024,64,256,256,64,256,256,1,4,0,0,16,baseline,front,1,0,181.89999999999998,151.7,0.0,333.59999999999997,346.3,270.3666463309353,0.05977595541254373,259.82096316580737,663.0255281925201,0.0005970704191456955,True,"HIP_VISIBLE_DEVICES=0 FLYDSL_PERF_DIST=1 python3 /sgl-workspace/FlyDSL-mxfp4-moe/tests/kernels/test_moe_gemm.py --in_dtype fp4 -dim 7168,256 -t 1024 -e 384 -k 8 --num_warmup 10 --num_iters 100 --tile_m 64 --tile_m2 64 --tile_n 256 --tile_k 256 --tile_n2 256 --tile_k2 256 --persist_m1 1 --persist_m2 4 --xcd_swizzle1 0 --xcd_swizzle2 0 --stage2_lds_load_bytes 16 --stage2_a_prefetch_schedule baseline --stage2_a_prefetch_scope front --k_batch1 1 --waves_per_eu2 0 --skip_ref true --compare_aiter_ck false",,,checked
0,AMD Instinct MI350X,rlcr/mxfp4-moe,8e09bfab79f599c248dcb718a382541eb5af57cd,"HIP_VISIBLE_DEVICES=0 FLYDSL_PERF_DIST=1 python3 /sgl-workspace/FlyDSL-mxfp4-moe/tests/kernels/test_moe_gemm.py --in_dtype fp4 -dim 7168,256 -t 2048 -e 384 -k 8 --num_warmup 10 --num_iters 100 --tile_m 64 --tile_m2 64 --tile_n 256 --tile_k 256 --tile_n2 256 --tile_k2 256 --persist_m1 1 --persist_m2 4 --xcd_swizzle1 0 --xcd_swizzle2 0 --stage2_lds_load_bytes 16 --stage2_a_prefetch_schedule baseline --stage2_a_prefetch_scope front --k_batch1 1 --waves_per_eu2 0 --skip_ref true --compare_aiter_ck false ; HIP_VISIBLE_DEVICES=0 python3 /sgl-workspace/FlyDSL-mxfp4-moe/scripts/aiter_strict_point.py --model-dim 7168 --inter-dim 256 -e 384 -k 8 -t 2048 --aq fp4 --wq fp4 --act silu --gate separated --warmup 10 --iters 100 --aiter-repo /sgl-workspace/aiter",10,100,True,False,True,True,effective_tflops = token*model_dim*inter_dim*3*topk*2 / combined_us / 1e6; mfu = effective_tflops / 4523,kimi_k2,7168,256,384,8,a4w4,silu,2048,64,256,256,64,256,256,1,4,0,0,16,baseline,front,1,0,183.15,193.95,0.0,377.1,389.45000000000005,478.357534956245,0.10576111761137409,385.82208585858535,793.3864891529083,3.4509992845599413e-06,True,"HIP_VISIBLE_DEVICES=0 FLYDSL_PERF_DIST=1 python3 /sgl-workspace/FlyDSL-mxfp4-moe/tests/kernels/test_moe_gemm.py --in_dtype fp4 -dim 7168,256 -t 2048 -e 384 -k 8 --num_warmup 10 --num_iters 100 --tile_m 64 --tile_m2 64 --tile_n 256 --tile_k 256 --tile_n2 256 --tile_k2 256 --persist_m1 1 --persist_m2 4 --xcd_swizzle1 0 --xcd_swizzle2 0 --stage2_lds_load_bytes 16 --stage2_a_prefetch_schedule baseline --stage2_a_prefetch_scope front --k_batch1 1 --waves_per_eu2 0 --skip_ref true --compare_aiter_ck false",,,checked
0,AMD Instinct MI350X,rlcr/mxfp4-moe,8e09bfab79f599c248dcb718a382541eb5af57cd,"HIP_VISIBLE_DEVICES=0 FLYDSL_PERF_DIST=1 python3 /sgl-workspace/FlyDSL-mxfp4-moe/tests/kernels/test_moe_gemm.py --in_dtype fp4 -dim 7168,256 -t 4096 -e 384 -k 8 --num_warmup 10 --num_iters 100 --tile_m 64 --tile_m2 64 --tile_n 256 --tile_k 256 --tile_n2 256 --tile_k2 256 --persist_m1 1 --persist_m2 4 --xcd_swizzle1 0 --xcd_swizzle2 0 --stage2_lds_load_bytes 16 --stage2_a_prefetch_schedule baseline --stage2_a_prefetch_scope front --k_batch1 1 --waves_per_eu2 0 --skip_ref true --compare_aiter_ck false ; HIP_VISIBLE_DEVICES=0 python3 /sgl-workspace/FlyDSL-mxfp4-moe/scripts/aiter_strict_point.py --model-dim 7168 --inter-dim 256 -e 384 -k 8 -t 4096 --aq fp4 --wq fp4 --act silu --gate separated --warmup 10 --iters 100 --aiter-repo /sgl-workspace/aiter",10,100,True,False,True,True,effective_tflops = token*model_dim*inter_dim*3*topk*2 / combined_us / 1e6; mfu = effective_tflops / 4523,kimi_k2,7168,256,384,8,a4w4,silu,4096,64,256,256,64,256,256,1,4,0,0,16,baseline,front,1,0,251.8,351.15,0.0,602.95,617.6500000000001,598.3535166498051,0.13229129264864142,517.5935050505054,892.5680220127106,3.4464215624696592e-06,True,"HIP_VISIBLE_DEVICES=0 FLYDSL_PERF_DIST=1 python3 /sgl-workspace/FlyDSL-mxfp4-moe/tests/kernels/test_moe_gemm.py --in_dtype fp4 -dim 7168,256 -t 4096 -e 384 -k 8 --num_warmup 10 --num_iters 100 --tile_m 64 --tile_m2 64 --tile_n 256 --tile_k 256 --tile_n2 256 --tile_k2 256 --persist_m1 1 --persist_m2 4 --xcd_swizzle1 0 --xcd_swizzle2 0 --stage2_lds_load_bytes 16 --stage2_a_prefetch_schedule baseline --stage2_a_prefetch_scope front --k_batch1 1 --waves_per_eu2 0 --skip_ref true --compare_aiter_ck false",,,checked
0,AMD Instinct MI350X,rlcr/mxfp4-moe,8e09bfab79f599c248dcb718a382541eb5af57cd,"HIP_VISIBLE_DEVICES=0 FLYDSL_PERF_DIST=1 python3 /sgl-workspace/FlyDSL-mxfp4-moe/tests/kernels/test_moe_gemm.py --in_dtype fp4 -dim 7168,256 -t 8192 -e 384 -k 8 --num_warmup 10 --num_iters 100 --tile_m 64 --tile_m2 64 --tile_n 256 --tile_k 256 --tile_n2 256 --tile_k2 256 --persist_m1 1 --persist_m2 4 --xcd_swizzle1 0 --xcd_swizzle2 0 --stage2_lds_load_bytes 16 --stage2_a_prefetch_schedule baseline --stage2_a_prefetch_scope front --k_batch1 1 --waves_per_eu2 0 --skip_ref true --compare_aiter_ck false ; HIP_VISIBLE_DEVICES=0 python3 /sgl-workspace/FlyDSL-mxfp4-moe/scripts/aiter_strict_point.py --model-dim 7168 --inter-dim 256 -e 384 -k 8 -t 8192 --aq fp4 --wq fp4 --act silu --gate separated --warmup 10 --iters 100 --aiter-repo /sgl-workspace/aiter",10,100,True,False,True,True,effective_tflops = token*model_dim*inter_dim*3*topk*2 / combined_us / 1e6; mfu = effective_tflops / 4523,kimi_k2,7168,256,384,8,a4w4,silu,8192,64,256,256,64,256,256,1,4,0,0,16,baseline,front,1,0,386.8,567.8,0.0,954.6,974.15,755.8710514644877,0.16711719024198268,903.8734153428891,1166.0894751548767,3.4430225468451425e-06,True,"HIP_VISIBLE_DEVICES=0 FLYDSL_PERF_DIST=1 python3 /sgl-workspace/FlyDSL-mxfp4-moe/tests/kernels/test_moe_gemm.py --in_dtype fp4 -dim 7168,256 -t 8192 -e 384 -k 8 --num_warmup 10 --num_iters 100 --tile_m 64 --tile_m2 64 --tile_n 256 --tile_k 256 --tile_n2 256 --tile_k2 256 --persist_m1 1 --persist_m2 4 --xcd_swizzle1 0 --xcd_swizzle2 0 --stage2_lds_load_bytes 16 --stage2_a_prefetch_schedule baseline --stage2_a_prefetch_scope front --k_batch1 1 --waves_per_eu2 0 --skip_ref true --compare_aiter_ck false",,,checked
0,AMD Instinct MI350X,rlcr/mxfp4-moe,8e09bfab79f599c248dcb718a382541eb5af57cd,"HIP_VISIBLE_DEVICES=0 FLYDSL_PERF_DIST=1 python3 /sgl-workspace/FlyDSL-mxfp4-moe/tests/kernels/test_moe_gemm.py --in_dtype fp4 -dim 7168,256 -t 16384 -e 384 -k 8 --num_warmup 10 --num_iters 100 --tile_m 64 --tile_m2 64 --tile_n 256 --tile_k 256 --tile_n2 256 --tile_k2 256 --persist_m1 1 --persist_m2 4 --xcd_swizzle1 0 --xcd_swizzle2 0 --stage2_lds_load_bytes 16 --stage2_a_prefetch_schedule baseline --stage2_a_prefetch_scope front --k_batch1 1 --waves_per_eu2 0 --skip_ref true --compare_aiter_ck false ; HIP_VISIBLE_DEVICES=0 python3 /sgl-workspace/FlyDSL-mxfp4-moe/scripts/aiter_strict_point.py --model-dim 7168 --inter-dim 256 -e 384 -k 8 -t 16384 --aq fp4 --wq fp4 --act silu --gate separated --warmup 10 --iters 100 --aiter-repo /sgl-workspace/aiter",10,100,True,False,True,True,effective_tflops = token*model_dim*inter_dim*3*topk*2 / combined_us / 1e6; mfu = effective_tflops / 4523,kimi_k2,7168,256,384,8,a4w4,silu,16384,64,256,256,64,256,256,1,4,0,0,16,baseline,front,1,0,690.05,1092.8000000000002,0.0,1782.8500000000001,1813.8500000000001,809.4393871924166,0.17896073119443215,1592.6283296703316,1813.2749795913696,3.445340698515764e-06,True,"HIP_VISIBLE_DEVICES=0 FLYDSL_PERF_DIST=1 python3 /sgl-workspace/FlyDSL-mxfp4-moe/tests/kernels/test_moe_gemm.py --in_dtype fp4 -dim 7168,256 -t 16384 -e 384 -k 8 --num_warmup 10 --num_iters 100 --tile_m 64 --tile_m2 64 --tile_n 256 --tile_k 256 --tile_n2 256 --tile_k2 256 --persist_m1 1 --persist_m2 4 --xcd_swizzle1 0 --xcd_swizzle2 0 --stage2_lds_load_bytes 16 --stage2_a_prefetch_schedule baseline --stage2_a_prefetch_scope front --k_batch1 1 --waves_per_eu2 0 --skip_ref true --compare_aiter_ck false",,,checked
0,AMD Instinct MI350X,rlcr/mxfp4-moe,8e09bfab79f599c248dcb718a382541eb5af57cd,"HIP_VISIBLE_DEVICES=0 FLYDSL_PERF_DIST=1 python3 /sgl-workspace/FlyDSL-mxfp4-moe/tests/kernels/test_moe_gemm.py --in_dtype fp4 -dim 7168,256 -t 32768 -e 384 -k 8 --num_warmup 10 --num_iters 100 --tile_m 64 --tile_m2 64 --tile_n 256 --tile_k 256 --tile_n2 256 --tile_k2 256 --persist_m1 1 --persist_m2 4 --xcd_swizzle1 0 --xcd_swizzle2 0 --stage2_lds_load_bytes 16 --stage2_a_prefetch_schedule baseline --stage2_a_prefetch_scope front --k_batch1 1 --waves_per_eu2 0 --skip_ref true --compare_aiter_ck false ; HIP_VISIBLE_DEVICES=0 python3 /sgl-workspace/FlyDSL-mxfp4-moe/scripts/aiter_strict_point.py --model-dim 7168 --inter-dim 256 -e 384 -k 8 -t 32768 --aq fp4 --wq fp4 --act silu --gate separated --warmup 10 --iters 100 --aiter-repo /sgl-workspace/aiter",10,100,True,False,True,True,effective_tflops = token*model_dim*inter_dim*3*topk*2 / combined_us / 1e6; mfu = effective_tflops / 4523,kimi_k2,7168,256,384,8,a4w4,silu,32768,64,256,256,64,256,256,1,4,0,0,16,baseline,front,1,0,1061.2,2153.3500000000004,0.0,3214.55,3257.75,897.8606719173757,0.19850998715838508,2971.256212765954,3159.2659950256348,3.4447831086525937e-06,True,"HIP_VISIBLE_DEVICES=0 FLYDSL_PERF_DIST=1 python3 /sgl-workspace/FlyDSL-mxfp4-moe/tests/kernels/test_moe_gemm.py --in_dtype fp4 -dim 7168,256 -t 32768 -e 384 -k 8 --num_warmup 10 --num_iters 100 --tile_m 64 --tile_m2 64 --tile_n 256 --tile_k 256 --tile_n2 256 --tile_k2 256 --persist_m1 1 --persist_m2 4 --xcd_swizzle1 0 --xcd_swizzle2 0 --stage2_lds_load_bytes 16 --stage2_a_prefetch_schedule baseline --stage2_a_prefetch_scope front --k_batch1 1 --waves_per_eu2 0 --skip_ref true --compare_aiter_ck false",,,checked
