gpu_id,gpu_model,branch,commit,command,warmup,iters,idle_gpu_verified,graph_capture,l2_flush_per_iter,clocks_pinned,metric_formula,model,model_dim,inter_dim,experts,topk,dtype,act,token,tile_m1,tile_n1,tile_k1,tile_m2,tile_n2,tile_k2,stage1_us,stage2_us,sorting_us,kernel_path_us,kernel_path_us_p95,effective_tflops,mfu,e2e_us,e2e_us_p95,logits_diff,correctness_pass
0,AMD Instinct MI350X,HEAD,523ca1c7e224ee62d5e3a4c0f52a18b9cec5e727,"python3 /sgl-workspace/FlyDSL-mxfp4-moe/tests/kernels/test_moe_gemm.py --in_dtype fp4 -dim 7168,256 -t 1 -e 257 -k 9 --num_warmup 10 --num_iters 100 --tile_m 64 --tile_n 256 --tile_k 256 --tile_n2 256 --tile_k2 256 --skip_ref true --compare_aiter_ck false ; python3 /sgl-workspace/aiter/op_tests/test_moe_2stage.py -q 4 -dim 7168,256 -e 257 -k 9 -t 1",10,100,True,False,True,True,effective_tflops = token*model_dim*inter_dim*3*topk*2 / combined_us / 1e6; mfu = effective_tflops / 4523,deepseek_v3,7168,256,257,9,a4w4,silu,1,64,256,256,64,256,256,55.3,21.8,0.0,77.1,,1.2852196108949416,0.0002841520254023749,,,,
0,AMD Instinct MI350X,HEAD,523ca1c7e224ee62d5e3a4c0f52a18b9cec5e727,"python3 /sgl-workspace/FlyDSL-mxfp4-moe/tests/kernels/test_moe_gemm.py --in_dtype fp4 -dim 7168,256 -t 2 -e 257 -k 9 --num_warmup 10 --num_iters 100 --tile_m 64 --tile_n 256 --tile_k 256 --tile_n2 256 --tile_k2 256 --skip_ref true --compare_aiter_ck false ; python3 /sgl-workspace/aiter/op_tests/test_moe_2stage.py -q 4 -dim 7168,256 -e 257 -k 9 -t 2",10,100,True,False,True,True,effective_tflops = token*model_dim*inter_dim*3*topk*2 / combined_us / 1e6; mfu = effective_tflops / 4523,deepseek_v3,7168,256,257,9,a4w4,silu,2,64,256,256,64,256,256,55.5,22.1,0.0,77.6,,2.553877113402062,0.00056464229790008,,,,
0,AMD Instinct MI350X,HEAD,523ca1c7e224ee62d5e3a4c0f52a18b9cec5e727,"python3 /sgl-workspace/FlyDSL-mxfp4-moe/tests/kernels/test_moe_gemm.py --in_dtype fp4 -dim 7168,256 -t 4 -e 257 -k 9 --num_warmup 10 --num_iters 100 --tile_m 64 --tile_n 256 --tile_k 256 --tile_n2 256 --tile_k2 256 --skip_ref true --compare_aiter_ck false ; python3 /sgl-workspace/aiter/op_tests/test_moe_2stage.py -q 4 -dim 7168,256 -e 257 -k 9 -t 4",10,100,True,False,True,True,effective_tflops = token*model_dim*inter_dim*3*topk*2 / combined_us / 1e6; mfu = effective_tflops / 4523,deepseek_v3,7168,256,257,9,a4w4,silu,4,64,256,256,64,256,256,56.5,22.6,0.0,79.1,,5.010894159292036,0.0011078695908229132,,,,
0,AMD Instinct MI350X,HEAD,523ca1c7e224ee62d5e3a4c0f52a18b9cec5e727,"python3 /sgl-workspace/FlyDSL-mxfp4-moe/tests/kernels/test_moe_gemm.py --in_dtype fp4 -dim 7168,256 -t 8 -e 257 -k 9 --num_warmup 10 --num_iters 100 --tile_m 64 --tile_n 256 --tile_k 256 --tile_n2 256 --tile_k2 256 --skip_ref true --compare_aiter_ck false ; python3 /sgl-workspace/aiter/op_tests/test_moe_2stage.py -q 4 -dim 7168,256 -e 257 -k 9 -t 8",10,100,True,False,True,True,effective_tflops = token*model_dim*inter_dim*3*topk*2 / combined_us / 1e6; mfu = effective_tflops / 4523,deepseek_v3,7168,256,257,9,a4w4,silu,8,64,256,256,64,256,256,59.2,26.3,0.0,85.5,,9.271619368421053,0.002049882681499238,,,,
0,AMD Instinct MI350X,HEAD,523ca1c7e224ee62d5e3a4c0f52a18b9cec5e727,"python3 /sgl-workspace/FlyDSL-mxfp4-moe/tests/kernels/test_moe_gemm.py --in_dtype fp4 -dim 7168,256 -t 16 -e 257 -k 9 --num_warmup 10 --num_iters 100 --tile_m 64 --tile_n 256 --tile_k 256 --tile_n2 256 --tile_k2 256 --skip_ref true --compare_aiter_ck false ; python3 /sgl-workspace/aiter/op_tests/test_moe_2stage.py -q 4 -dim 7168,256 -e 257 -k 9 -t 16",10,100,True,False,True,True,effective_tflops = token*model_dim*inter_dim*3*topk*2 / combined_us / 1e6; mfu = effective_tflops / 4523,deepseek_v3,7168,256,257,9,a4w4,silu,16,64,256,256,64,256,256,67.8,35.1,0.0,102.9,,15.407647346938774,0.003406510578584739,,,,
0,AMD Instinct MI350X,HEAD,523ca1c7e224ee62d5e3a4c0f52a18b9cec5e727,"python3 /sgl-workspace/FlyDSL-mxfp4-moe/tests/kernels/test_moe_gemm.py --in_dtype fp4 -dim 7168,256 -t 32 -e 257 -k 9 --num_warmup 10 --num_iters 100 --tile_m 64 --tile_n 256 --tile_k 256 --tile_n2 256 --tile_k2 256 --skip_ref true --compare_aiter_ck false ; python3 /sgl-workspace/aiter/op_tests/test_moe_2stage.py -q 4 -dim 7168,256 -e 257 -k 9 -t 32",10,100,True,False,True,True,effective_tflops = token*model_dim*inter_dim*3*topk*2 / combined_us / 1e6; mfu = effective_tflops / 4523,deepseek_v3,7168,256,257,9,a4w4,silu,32,64,256,256,64,256,256,78.8,51.5,0.0,130.3,,24.33533249424405,0.005380352088048651,,,,
0,AMD Instinct MI350X,HEAD,523ca1c7e224ee62d5e3a4c0f52a18b9cec5e727,"python3 /sgl-workspace/FlyDSL-mxfp4-moe/tests/kernels/test_moe_gemm.py --in_dtype fp4 -dim 7168,256 -t 64 -e 257 -k 9 --num_warmup 10 --num_iters 100 --tile_m 64 --tile_n 256 --tile_k 256 --tile_n2 256 --tile_k2 256 --skip_ref true --compare_aiter_ck false ; python3 /sgl-workspace/aiter/op_tests/test_moe_2stage.py -q 4 -dim 7168,256 -e 257 -k 9 -t 64",10,100,True,False,True,True,effective_tflops = token*model_dim*inter_dim*3*topk*2 / combined_us / 1e6; mfu = effective_tflops / 4523,deepseek_v3,7168,256,257,9,a4w4,silu,64,64,256,256,64,256,256,90.6,63.8,0.0,154.39999999999998,,41.073754196891194,0.009081086490579525,,,,
0,AMD Instinct MI350X,HEAD,523ca1c7e224ee62d5e3a4c0f52a18b9cec5e727,"python3 /sgl-workspace/FlyDSL-mxfp4-moe/tests/kernels/test_moe_gemm.py --in_dtype fp4 -dim 7168,256 -t 128 -e 257 -k 9 --num_warmup 10 --num_iters 100 --tile_m 64 --tile_n 256 --tile_k 256 --tile_n2 256 --tile_k2 256 --skip_ref true --compare_aiter_ck false ; python3 /sgl-workspace/aiter/op_tests/test_moe_2stage.py -q 4 -dim 7168,256 -e 257 -k 9 -t 128",10,100,True,False,True,True,effective_tflops = token*model_dim*inter_dim*3*topk*2 / combined_us / 1e6; mfu = effective_tflops / 4523,deepseek_v3,7168,256,257,9,a4w4,silu,128,64,256,256,64,256,256,96.5,70.6,0.0,167.1,,75.90410111310592,0.01678180435841387,,,,
0,AMD Instinct MI350X,HEAD,523ca1c7e224ee62d5e3a4c0f52a18b9cec5e727,"python3 /sgl-workspace/FlyDSL-mxfp4-moe/tests/kernels/test_moe_gemm.py --in_dtype fp4 -dim 7168,256 -t 256 -e 257 -k 9 --num_warmup 10 --num_iters 100 --tile_m 64 --tile_n 256 --tile_k 256 --tile_n2 256 --tile_k2 256 --skip_ref true --compare_aiter_ck false ; python3 /sgl-workspace/aiter/op_tests/test_moe_2stage.py -q 4 -dim 7168,256 -e 257 -k 9 -t 256",10,100,True,False,True,True,effective_tflops = token*model_dim*inter_dim*3*topk*2 / combined_us / 1e6; mfu = effective_tflops / 4523,deepseek_v3,7168,256,257,9,a4w4,silu,256,64,256,256,64,256,256,143.8,78.6,0.0,222.4,,114.0609289208633,0.02521798118966688,,,,
0,AMD Instinct MI350X,HEAD,523ca1c7e224ee62d5e3a4c0f52a18b9cec5e727,"python3 /sgl-workspace/FlyDSL-mxfp4-moe/tests/kernels/test_moe_gemm.py --in_dtype fp4 -dim 7168,256 -t 512 -e 257 -k 9 --num_warmup 10 --num_iters 100 --tile_m 64 --tile_n 256 --tile_k 256 --tile_n2 256 --tile_k2 256 --skip_ref true --compare_aiter_ck false ; python3 /sgl-workspace/aiter/op_tests/test_moe_2stage.py -q 4 -dim 7168,256 -e 257 -k 9 -t 512",10,100,True,False,True,True,effective_tflops = token*model_dim*inter_dim*3*topk*2 / combined_us / 1e6; mfu = effective_tflops / 4523,deepseek_v3,7168,256,257,9,a4w4,silu,512,64,256,256,64,256,256,143.8,88.5,0.0,232.3,,218.39991900129144,0.048286517577115065,,,,
0,AMD Instinct MI350X,HEAD,523ca1c7e224ee62d5e3a4c0f52a18b9cec5e727,"python3 /sgl-workspace/FlyDSL-mxfp4-moe/tests/kernels/test_moe_gemm.py --in_dtype fp4 -dim 7168,256 -t 1024 -e 257 -k 9 --num_warmup 10 --num_iters 100 --tile_m 64 --tile_n 256 --tile_k 256 --tile_n2 256 --tile_k2 256 --skip_ref true --compare_aiter_ck false ; python3 /sgl-workspace/aiter/op_tests/test_moe_2stage.py -q 4 -dim 7168,256 -e 257 -k 9 -t 1024",10,100,True,False,True,True,effective_tflops = token*model_dim*inter_dim*3*topk*2 / combined_us / 1e6; mfu = effective_tflops / 4523,deepseek_v3,7168,256,257,9,a4w4,silu,1024,64,256,256,64,256,256,144.7,113.8,0.0,258.5,,392.5284424294004,0.08678497511151899,,,,
0,AMD Instinct MI350X,HEAD,523ca1c7e224ee62d5e3a4c0f52a18b9cec5e727,"python3 /sgl-workspace/FlyDSL-mxfp4-moe/tests/kernels/test_moe_gemm.py --in_dtype fp4 -dim 7168,256 -t 2048 -e 257 -k 9 --num_warmup 10 --num_iters 100 --tile_m 64 --tile_n 256 --tile_k 256 --tile_n2 256 --tile_k2 256 --skip_ref true --compare_aiter_ck false ; python3 /sgl-workspace/aiter/op_tests/test_moe_2stage.py -q 4 -dim 7168,256 -e 257 -k 9 -t 2048",10,100,True,False,True,True,effective_tflops = token*model_dim*inter_dim*3*topk*2 / combined_us / 1e6; mfu = effective_tflops / 4523,deepseek_v3,7168,256,257,9,a4w4,silu,2048,64,256,256,64,256,256,151.2,197.9,0.0,349.1,,581.3153959782296,0.1285242971430974,,,,
0,AMD Instinct MI350X,HEAD,523ca1c7e224ee62d5e3a4c0f52a18b9cec5e727,"python3 /sgl-workspace/FlyDSL-mxfp4-moe/tests/kernels/test_moe_gemm.py --in_dtype fp4 -dim 7168,256 -t 4096 -e 257 -k 9 --num_warmup 10 --num_iters 100 --tile_m 64 --tile_n 256 --tile_k 256 --tile_n2 256 --tile_k2 256 --skip_ref true --compare_aiter_ck false ; python3 /sgl-workspace/aiter/op_tests/test_moe_2stage.py -q 4 -dim 7168,256 -e 257 -k 9 -t 4096",10,100,True,False,True,True,effective_tflops = token*model_dim*inter_dim*3*topk*2 / combined_us / 1e6; mfu = effective_tflops / 4523,deepseek_v3,7168,256,257,9,a4w4,silu,4096,64,256,256,64,256,256,227.2,348.2,0.0,575.4,,705.3778405839416,0.1559535353933101,,,,
0,AMD Instinct MI350X,HEAD,523ca1c7e224ee62d5e3a4c0f52a18b9cec5e727,"python3 /sgl-workspace/FlyDSL-mxfp4-moe/tests/kernels/test_moe_gemm.py --in_dtype fp4 -dim 7168,256 -t 8192 -e 257 -k 9 --num_warmup 10 --num_iters 100 --tile_m 64 --tile_n 256 --tile_k 256 --tile_n2 256 --tile_k2 256 --skip_ref true --compare_aiter_ck false ; python3 /sgl-workspace/aiter/op_tests/test_moe_2stage.py -q 4 -dim 7168,256 -e 257 -k 9 -t 8192",10,100,True,False,True,True,effective_tflops = token*model_dim*inter_dim*3*topk*2 / combined_us / 1e6; mfu = effective_tflops / 4523,deepseek_v3,7168,256,257,9,a4w4,silu,8192,64,256,256,64,256,256,404.9,644.9,0.0,1049.8,,773.2413973556868,0.17095763815071563,,,,
0,AMD Instinct MI350X,HEAD,523ca1c7e224ee62d5e3a4c0f52a18b9cec5e727,"python3 /sgl-workspace/FlyDSL-mxfp4-moe/tests/kernels/test_moe_gemm.py --in_dtype fp4 -dim 7168,256 -t 16384 -e 257 -k 9 --num_warmup 10 --num_iters 100 --tile_m 64 --tile_n 256 --tile_k 256 --tile_n2 256 --tile_k2 256 --skip_ref true --compare_aiter_ck false ; python3 /sgl-workspace/aiter/op_tests/test_moe_2stage.py -q 4 -dim 7168,256 -e 257 -k 9 -t 16384",10,100,True,False,True,True,effective_tflops = token*model_dim*inter_dim*3*topk*2 / combined_us / 1e6; mfu = effective_tflops / 4523,deepseek_v3,7168,256,257,9,a4w4,silu,16384,64,256,256,64,256,256,648.7,1227.0,0.0,1875.7,,865.5422710923922,0.19136464096670178,,,,
0,AMD Instinct MI350X,HEAD,523ca1c7e224ee62d5e3a4c0f52a18b9cec5e727,"python3 /sgl-workspace/FlyDSL-mxfp4-moe/tests/kernels/test_moe_gemm.py --in_dtype fp4 -dim 7168,256 -t 32768 -e 257 -k 9 --num_warmup 10 --num_iters 100 --tile_m 64 --tile_n 256 --tile_k 256 --tile_n2 256 --tile_k2 256 --skip_ref true --compare_aiter_ck false ; python3 /sgl-workspace/aiter/op_tests/test_moe_2stage.py -q 4 -dim 7168,256 -e 257 -k 9 -t 32768",10,100,True,False,True,True,effective_tflops = token*model_dim*inter_dim*3*topk*2 / combined_us / 1e6; mfu = effective_tflops / 4523,deepseek_v3,7168,256,257,9,a4w4,silu,32768,64,256,256,64,256,256,1039.5,2386.5,0.0,3426.0,,947.7511020945709,0.20954037189798164,,,,
0,AMD Instinct MI350X,HEAD,523ca1c7e224ee62d5e3a4c0f52a18b9cec5e727,"python3 /sgl-workspace/FlyDSL-mxfp4-moe/tests/kernels/test_moe_gemm.py --in_dtype a8w4 -dim 7168,256 -t 1 -e 257 -k 9 --num_warmup 10 --num_iters 100 --tile_m 64 --tile_n 256 --tile_k 256 --tile_n2 256 --tile_k2 256 --skip_ref true --compare_aiter_ck false ; python3 /sgl-workspace/aiter/op_tests/test_moe_2stage.py -q 7 -dim 7168,256 -e 257 -k 9 -t 1",10,100,True,False,True,True,effective_tflops = token*model_dim*inter_dim*3*topk*2 / combined_us / 1e6; mfu = effective_tflops / 4523,deepseek_v3,7168,256,257,9,a8w4,silu,1,64,256,256,64,256,256,58.8,22.7,0.0,81.5,,1.2158335214723925,0.0002688113025585657,,,,
0,AMD Instinct MI350X,HEAD,523ca1c7e224ee62d5e3a4c0f52a18b9cec5e727,"python3 /sgl-workspace/FlyDSL-mxfp4-moe/tests/kernels/test_moe_gemm.py --in_dtype a8w4 -dim 7168,256 -t 2 -e 257 -k 9 --num_warmup 10 --num_iters 100 --tile_m 64 --tile_n 256 --tile_k 256 --tile_n2 256 --tile_k2 256 --skip_ref true --compare_aiter_ck false ; python3 /sgl-workspace/aiter/op_tests/test_moe_2stage.py -q 7 -dim 7168,256 -e 257 -k 9 -t 2",10,100,True,False,True,True,effective_tflops = token*model_dim*inter_dim*3*topk*2 / combined_us / 1e6; mfu = effective_tflops / 4523,deepseek_v3,7168,256,257,9,a8w4,silu,2,64,256,256,64,256,256,58.9,23.0,0.0,81.9,,2.419790769230769,0.0005349968536879879,,,,
0,AMD Instinct MI350X,HEAD,523ca1c7e224ee62d5e3a4c0f52a18b9cec5e727,"python3 /sgl-workspace/FlyDSL-mxfp4-moe/tests/kernels/test_moe_gemm.py --in_dtype a8w4 -dim 7168,256 -t 4 -e 257 -k 9 --num_warmup 10 --num_iters 100 --tile_m 64 --tile_n 256 --tile_k 256 --tile_n2 256 --tile_k2 256 --skip_ref true --compare_aiter_ck false ; python3 /sgl-workspace/aiter/op_tests/test_moe_2stage.py -q 7 -dim 7168,256 -e 257 -k 9 -t 4",10,100,True,False,True,True,effective_tflops = token*model_dim*inter_dim*3*topk*2 / combined_us / 1e6; mfu = effective_tflops / 4523,deepseek_v3,7168,256,257,9,a8w4,silu,4,64,256,256,64,256,256,60.0,23.6,0.0,83.6,,4.741168995215312,0.0010482354621302924,,,,
0,AMD Instinct MI350X,HEAD,523ca1c7e224ee62d5e3a4c0f52a18b9cec5e727,"python3 /sgl-workspace/FlyDSL-mxfp4-moe/tests/kernels/test_moe_gemm.py --in_dtype a8w4 -dim 7168,256 -t 8 -e 257 -k 9 --num_warmup 10 --num_iters 100 --tile_m 64 --tile_n 256 --tile_k 256 --tile_n2 256 --tile_k2 256 --skip_ref true --compare_aiter_ck false ; python3 /sgl-workspace/aiter/op_tests/test_moe_2stage.py -q 7 -dim 7168,256 -e 257 -k 9 -t 8",10,100,True,False,True,True,effective_tflops = token*model_dim*inter_dim*3*topk*2 / combined_us / 1e6; mfu = effective_tflops / 4523,deepseek_v3,7168,256,257,9,a8w4,silu,8,64,256,256,64,256,256,62.5,28.8,0.0,91.3,,8.68262273822563,0.0019196601234193302,,,,
0,AMD Instinct MI350X,HEAD,523ca1c7e224ee62d5e3a4c0f52a18b9cec5e727,"python3 /sgl-workspace/FlyDSL-mxfp4-moe/tests/kernels/test_moe_gemm.py --in_dtype a8w4 -dim 7168,256 -t 16 -e 257 -k 9 --num_warmup 10 --num_iters 100 --tile_m 64 --tile_n 256 --tile_k 256 --tile_n2 256 --tile_k2 256 --skip_ref true --compare_aiter_ck false ; python3 /sgl-workspace/aiter/op_tests/test_moe_2stage.py -q 7 -dim 7168,256 -e 257 -k 9 -t 16",10,100,True,False,True,True,effective_tflops = token*model_dim*inter_dim*3*topk*2 / combined_us / 1e6; mfu = effective_tflops / 4523,deepseek_v3,7168,256,257,9,a8w4,silu,16,64,256,256,64,256,256,70.4,41.8,0.0,112.2,,14.130542887700534,0.003124152749878517,,,,
0,AMD Instinct MI350X,HEAD,523ca1c7e224ee62d5e3a4c0f52a18b9cec5e727,"python3 /sgl-workspace/FlyDSL-mxfp4-moe/tests/kernels/test_moe_gemm.py --in_dtype a8w4 -dim 7168,256 -t 32 -e 257 -k 9 --num_warmup 10 --num_iters 100 --tile_m 64 --tile_n 256 --tile_k 256 --tile_n2 256 --tile_k2 256 --skip_ref true --compare_aiter_ck false ; python3 /sgl-workspace/aiter/op_tests/test_moe_2stage.py -q 7 -dim 7168,256 -e 257 -k 9 -t 32",10,100,True,False,True,True,effective_tflops = token*model_dim*inter_dim*3*topk*2 / combined_us / 1e6; mfu = effective_tflops / 4523,deepseek_v3,7168,256,257,9,a8w4,silu,32,64,256,256,64,256,256,81.8,60.6,0.0,142.4,,22.267512808988766,0.004923173294050136,,,,
0,AMD Instinct MI350X,HEAD,523ca1c7e224ee62d5e3a4c0f52a18b9cec5e727,"python3 /sgl-workspace/FlyDSL-mxfp4-moe/tests/kernels/test_moe_gemm.py --in_dtype a8w4 -dim 7168,256 -t 64 -e 257 -k 9 --num_warmup 10 --num_iters 100 --tile_m 64 --tile_n 256 --tile_k 256 --tile_n2 256 --tile_k2 256 --skip_ref true --compare_aiter_ck false ; python3 /sgl-workspace/aiter/op_tests/test_moe_2stage.py -q 7 -dim 7168,256 -e 257 -k 9 -t 64",10,100,True,False,True,True,effective_tflops = token*model_dim*inter_dim*3*topk*2 / combined_us / 1e6; mfu = effective_tflops / 4523,deepseek_v3,7168,256,257,9,a8w4,silu,64,64,256,256,64,256,256,92.7,75.5,0.0,168.2,,37.70385046373365,0.008336027075775736,,,,
0,AMD Instinct MI350X,HEAD,523ca1c7e224ee62d5e3a4c0f52a18b9cec5e727,"python3 /sgl-workspace/FlyDSL-mxfp4-moe/tests/kernels/test_moe_gemm.py --in_dtype a8w4 -dim 7168,256 -t 128 -e 257 -k 9 --num_warmup 10 --num_iters 100 --tile_m 64 --tile_n 256 --tile_k 256 --tile_n2 256 --tile_k2 256 --skip_ref true --compare_aiter_ck false ; python3 /sgl-workspace/aiter/op_tests/test_moe_2stage.py -q 7 -dim 7168,256 -e 257 -k 9 -t 128",10,100,True,False,True,True,effective_tflops = token*model_dim*inter_dim*3*topk*2 / combined_us / 1e6; mfu = effective_tflops / 4523,deepseek_v3,7168,256,257,9,a8w4,silu,128,64,256,256,64,256,256,98.3,80.9,0.0,179.2,,70.77888,0.015648657970373646,,,,
0,AMD Instinct MI350X,HEAD,523ca1c7e224ee62d5e3a4c0f52a18b9cec5e727,"python3 /sgl-workspace/FlyDSL-mxfp4-moe/tests/kernels/test_moe_gemm.py --in_dtype a8w4 -dim 7168,256 -t 256 -e 257 -k 9 --num_warmup 10 --num_iters 100 --tile_m 64 --tile_n 256 --tile_k 256 --tile_n2 256 --tile_k2 256 --skip_ref true --compare_aiter_ck false ; python3 /sgl-workspace/aiter/op_tests/test_moe_2stage.py -q 7 -dim 7168,256 -e 257 -k 9 -t 256",10,100,True,False,True,True,effective_tflops = token*model_dim*inter_dim*3*topk*2 / combined_us / 1e6; mfu = effective_tflops / 4523,deepseek_v3,7168,256,257,9,a8w4,silu,256,64,256,256,64,256,256,147.2,87.8,0.0,235.0,,107.94532166808511,0.023865868155667724,,,,
0,AMD Instinct MI350X,HEAD,523ca1c7e224ee62d5e3a4c0f52a18b9cec5e727,"python3 /sgl-workspace/FlyDSL-mxfp4-moe/tests/kernels/test_moe_gemm.py --in_dtype a8w4 -dim 7168,256 -t 512 -e 257 -k 9 --num_warmup 10 --num_iters 100 --tile_m 64 --tile_n 256 --tile_k 256 --tile_n2 256 --tile_k2 256 --skip_ref true --compare_aiter_ck false ; python3 /sgl-workspace/aiter/op_tests/test_moe_2stage.py -q 7 -dim 7168,256 -e 257 -k 9 -t 512",10,100,True,False,True,True,effective_tflops = token*model_dim*inter_dim*3*topk*2 / combined_us / 1e6; mfu = effective_tflops / 4523,deepseek_v3,7168,256,257,9,a8w4,silu,512,64,256,256,64,256,256,148.8,98.8,0.0,247.60000000000002,,204.90428588045233,0.04530273842150173,,,,
0,AMD Instinct MI350X,HEAD,523ca1c7e224ee62d5e3a4c0f52a18b9cec5e727,"python3 /sgl-workspace/FlyDSL-mxfp4-moe/tests/kernels/test_moe_gemm.py --in_dtype a8w4 -dim 7168,256 -t 1024 -e 257 -k 9 --num_warmup 10 --num_iters 100 --tile_m 64 --tile_n 256 --tile_k 256 --tile_n2 256 --tile_k2 256 --skip_ref true --compare_aiter_ck false ; python3 /sgl-workspace/aiter/op_tests/test_moe_2stage.py -q 7 -dim 7168,256 -e 257 -k 9 -t 1024",10,100,True,False,True,True,effective_tflops = token*model_dim*inter_dim*3*topk*2 / combined_us / 1e6; mfu = effective_tflops / 4523,deepseek_v3,7168,256,257,9,a8w4,silu,1024,64,256,256,64,256,256,151.6,124.1,0.0,275.7,,368.0399070293798,0.08137075105668357,,,,
0,AMD Instinct MI350X,HEAD,523ca1c7e224ee62d5e3a4c0f52a18b9cec5e727,"python3 /sgl-workspace/FlyDSL-mxfp4-moe/tests/kernels/test_moe_gemm.py --in_dtype a8w4 -dim 7168,256 -t 2048 -e 257 -k 9 --num_warmup 10 --num_iters 100 --tile_m 64 --tile_n 256 --tile_k 256 --tile_n2 256 --tile_k2 256 --skip_ref true --compare_aiter_ck false ; python3 /sgl-workspace/aiter/op_tests/test_moe_2stage.py -q 7 -dim 7168,256 -e 257 -k 9 -t 2048",10,100,True,False,True,True,effective_tflops = token*model_dim*inter_dim*3*topk*2 / combined_us / 1e6; mfu = effective_tflops / 4523,deepseek_v3,7168,256,257,9,a8w4,silu,2048,64,256,256,64,256,256,163.1,219.0,0.0,382.1,,531.1101929756608,0.11742431858847242,,,,
0,AMD Instinct MI350X,HEAD,523ca1c7e224ee62d5e3a4c0f52a18b9cec5e727,"python3 /sgl-workspace/FlyDSL-mxfp4-moe/tests/kernels/test_moe_gemm.py --in_dtype a8w4 -dim 7168,256 -t 4096 -e 257 -k 9 --num_warmup 10 --num_iters 100 --tile_m 64 --tile_n 256 --tile_k 256 --tile_n2 256 --tile_k2 256 --skip_ref true --compare_aiter_ck false ; python3 /sgl-workspace/aiter/op_tests/test_moe_2stage.py -q 7 -dim 7168,256 -e 257 -k 9 -t 4096",10,100,True,False,True,True,effective_tflops = token*model_dim*inter_dim*3*topk*2 / combined_us / 1e6; mfu = effective_tflops / 4523,deepseek_v3,7168,256,257,9,a8w4,silu,4096,64,256,256,64,256,256,247.1,379.7,0.0,626.8,,647.5341567836632,0.14316474834925122,,,,
0,AMD Instinct MI350X,HEAD,523ca1c7e224ee62d5e3a4c0f52a18b9cec5e727,"python3 /sgl-workspace/FlyDSL-mxfp4-moe/tests/kernels/test_moe_gemm.py --in_dtype a8w4 -dim 7168,256 -t 8192 -e 257 -k 9 --num_warmup 10 --num_iters 100 --tile_m 64 --tile_n 256 --tile_k 256 --tile_n2 256 --tile_k2 256 --skip_ref true --compare_aiter_ck false ; python3 /sgl-workspace/aiter/op_tests/test_moe_2stage.py -q 7 -dim 7168,256 -e 257 -k 9 -t 8192",10,100,True,False,True,True,effective_tflops = token*model_dim*inter_dim*3*topk*2 / combined_us / 1e6; mfu = effective_tflops / 4523,deepseek_v3,7168,256,257,9,a8w4,silu,8192,64,256,256,64,256,256,451.0,699.2,0.0,1150.2,,705.7457998122065,0.15603488830692164,,,,
0,AMD Instinct MI350X,HEAD,523ca1c7e224ee62d5e3a4c0f52a18b9cec5e727,"python3 /sgl-workspace/FlyDSL-mxfp4-moe/tests/kernels/test_moe_gemm.py --in_dtype a8w4 -dim 7168,256 -t 16384 -e 257 -k 9 --num_warmup 10 --num_iters 100 --tile_m 64 --tile_n 256 --tile_k 256 --tile_n2 256 --tile_k2 256 --skip_ref true --compare_aiter_ck false ; python3 /sgl-workspace/aiter/op_tests/test_moe_2stage.py -q 7 -dim 7168,256 -e 257 -k 9 -t 16384",10,100,True,False,True,True,effective_tflops = token*model_dim*inter_dim*3*topk*2 / combined_us / 1e6; mfu = effective_tflops / 4523,deepseek_v3,7168,256,257,9,a8w4,silu,16384,64,256,256,64,256,256,737.1,1344.1,0.0,2081.2,,780.0776657159332,0.17246908373113712,,,,
0,AMD Instinct MI350X,HEAD,523ca1c7e224ee62d5e3a4c0f52a18b9cec5e727,"python3 /sgl-workspace/FlyDSL-mxfp4-moe/tests/kernels/test_moe_gemm.py --in_dtype a8w4 -dim 7168,256 -t 32768 -e 257 -k 9 --num_warmup 10 --num_iters 100 --tile_m 64 --tile_n 256 --tile_k 256 --tile_n2 256 --tile_k2 256 --skip_ref true --compare_aiter_ck false ; python3 /sgl-workspace/aiter/op_tests/test_moe_2stage.py -q 7 -dim 7168,256 -e 257 -k 9 -t 32768",10,100,True,False,True,True,effective_tflops = token*model_dim*inter_dim*3*topk*2 / combined_us / 1e6; mfu = effective_tflops / 4523,deepseek_v3,7168,256,257,9,a8w4,silu,32768,64,256,256,64,256,256,1235.1,2652.9,0.0,3888.0,,835.1325297777778,0.18464128449652395,,,,
0,AMD Instinct MI350X,HEAD,523ca1c7e224ee62d5e3a4c0f52a18b9cec5e727,"python3 /sgl-workspace/FlyDSL-mxfp4-moe/tests/kernels/test_moe_gemm.py --in_dtype a8w4 -dim 7168,512 -t 1 -e 385 -k 7 --num_warmup 10 --num_iters 100 --tile_m 64 --tile_n 256 --tile_k 256 --tile_n2 256 --tile_k2 256 --skip_ref true --compare_aiter_ck false ; python3 /sgl-workspace/aiter/op_tests/test_moe_2stage.py -q 7 -dim 7168,512 -e 385 -k 7 -t 1",10,100,True,False,True,True,effective_tflops = token*model_dim*inter_dim*3*topk*2 / combined_us / 1e6; mfu = effective_tflops / 4523,deepseek_v4,7168,512,385,7,a8w4,silu,1,64,256,256,64,256,256,57.9,26.4,0.0,84.3,,1.828477722419929,0.00040426215397301106,,,,
0,AMD Instinct MI350X,HEAD,523ca1c7e224ee62d5e3a4c0f52a18b9cec5e727,"python3 /sgl-workspace/FlyDSL-mxfp4-moe/tests/kernels/test_moe_gemm.py --in_dtype a8w4 -dim 7168,512 -t 2 -e 385 -k 7 --num_warmup 10 --num_iters 100 --tile_m 64 --tile_n 256 --tile_k 256 --tile_n2 256 --tile_k2 256 --skip_ref true --compare_aiter_ck false ; python3 /sgl-workspace/aiter/op_tests/test_moe_2stage.py -q 7 -dim 7168,512 -e 385 -k 7 -t 2",10,100,True,False,True,True,effective_tflops = token*model_dim*inter_dim*3*topk*2 / combined_us / 1e6; mfu = effective_tflops / 4523,deepseek_v4,7168,512,385,7,a8w4,silu,2,64,256,256,64,256,256,58.7,26.9,0.0,85.6,,3.601417570093458,0.0007962453172879633,,,,
0,AMD Instinct MI350X,HEAD,523ca1c7e224ee62d5e3a4c0f52a18b9cec5e727,"python3 /sgl-workspace/FlyDSL-mxfp4-moe/tests/kernels/test_moe_gemm.py --in_dtype a8w4 -dim 7168,512 -t 4 -e 385 -k 7 --num_warmup 10 --num_iters 100 --tile_m 64 --tile_n 256 --tile_k 256 --tile_n2 256 --tile_k2 256 --skip_ref true --compare_aiter_ck false ; python3 /sgl-workspace/aiter/op_tests/test_moe_2stage.py -q 7 -dim 7168,512 -e 385 -k 7 -t 4",10,100,True,False,True,True,effective_tflops = token*model_dim*inter_dim*3*topk*2 / combined_us / 1e6; mfu = effective_tflops / 4523,deepseek_v4,7168,512,385,7,a8w4,silu,4,64,256,256,64,256,256,60.7,28.2,0.0,88.9,,6.935463307086614,0.001533376808995493,,,,
0,AMD Instinct MI350X,HEAD,523ca1c7e224ee62d5e3a4c0f52a18b9cec5e727,"python3 /sgl-workspace/FlyDSL-mxfp4-moe/tests/kernels/test_moe_gemm.py --in_dtype a8w4 -dim 7168,512 -t 8 -e 385 -k 7 --num_warmup 10 --num_iters 100 --tile_m 64 --tile_n 256 --tile_k 256 --tile_n2 256 --tile_k2 256 --skip_ref true --compare_aiter_ck false ; python3 /sgl-workspace/aiter/op_tests/test_moe_2stage.py -q 7 -dim 7168,512 -e 385 -k 7 -t 8",10,100,True,False,True,True,effective_tflops = token*model_dim*inter_dim*3*topk*2 / combined_us / 1e6; mfu = effective_tflops / 4523,deepseek_v4,7168,512,385,7,a8w4,silu,8,64,256,256,64,256,256,66.5,35.6,0.0,102.1,,12.077623663075418,0.002670268331433875,,,,
0,AMD Instinct MI350X,HEAD,523ca1c7e224ee62d5e3a4c0f52a18b9cec5e727,"python3 /sgl-workspace/FlyDSL-mxfp4-moe/tests/kernels/test_moe_gemm.py --in_dtype a8w4 -dim 7168,512 -t 16 -e 385 -k 7 --num_warmup 10 --num_iters 100 --tile_m 64 --tile_n 256 --tile_k 256 --tile_n2 256 --tile_k2 256 --skip_ref true --compare_aiter_ck false ; python3 /sgl-workspace/aiter/op_tests/test_moe_2stage.py -q 7 -dim 7168,512 -e 385 -k 7 -t 16",10,100,True,False,True,True,effective_tflops = token*model_dim*inter_dim*3*topk*2 / combined_us / 1e6; mfu = effective_tflops / 4523,deepseek_v4,7168,512,385,7,a8w4,silu,16,64,256,256,64,256,256,81.1,54.6,0.0,135.7,,18.174287044952102,0.0040181930234251826,,,,
0,AMD Instinct MI350X,HEAD,523ca1c7e224ee62d5e3a4c0f52a18b9cec5e727,"python3 /sgl-workspace/FlyDSL-mxfp4-moe/tests/kernels/test_moe_gemm.py --in_dtype a8w4 -dim 7168,512 -t 32 -e 385 -k 7 --num_warmup 10 --num_iters 100 --tile_m 64 --tile_n 256 --tile_k 256 --tile_n2 256 --tile_k2 256 --skip_ref true --compare_aiter_ck false ; python3 /sgl-workspace/aiter/op_tests/test_moe_2stage.py -q 7 -dim 7168,512 -e 385 -k 7 -t 32",10,100,True,False,True,True,effective_tflops = token*model_dim*inter_dim*3*topk*2 / combined_us / 1e6; mfu = effective_tflops / 4523,deepseek_v4,7168,512,385,7,a8w4,silu,32,64,256,256,64,256,256,152.8,83.4,0.0,236.20000000000002,,20.882732870448773,0.0046170092572294435,,,,
0,AMD Instinct MI350X,HEAD,523ca1c7e224ee62d5e3a4c0f52a18b9cec5e727,"python3 /sgl-workspace/FlyDSL-mxfp4-moe/tests/kernels/test_moe_gemm.py --in_dtype a8w4 -dim 7168,512 -t 64 -e 385 -k 7 --num_warmup 10 --num_iters 100 --tile_m 64 --tile_n 256 --tile_k 256 --tile_n2 256 --tile_k2 256 --skip_ref true --compare_aiter_ck false ; python3 /sgl-workspace/aiter/op_tests/test_moe_2stage.py -q 7 -dim 7168,512 -e 385 -k 7 -t 64",10,100,True,False,True,True,effective_tflops = token*model_dim*inter_dim*3*topk*2 / combined_us / 1e6; mfu = effective_tflops / 4523,deepseek_v4,7168,512,385,7,a8w4,silu,64,64,256,256,64,256,256,238.8,125.0,0.0,363.8,,27.116555821880155,0.005995258859579959,,,,
0,AMD Instinct MI350X,HEAD,523ca1c7e224ee62d5e3a4c0f52a18b9cec5e727,"python3 /sgl-workspace/FlyDSL-mxfp4-moe/tests/kernels/test_moe_gemm.py --in_dtype a8w4 -dim 7168,512 -t 128 -e 385 -k 7 --num_warmup 10 --num_iters 100 --tile_m 64 --tile_n 256 --tile_k 256 --tile_n2 256 --tile_k2 256 --skip_ref true --compare_aiter_ck false ; python3 /sgl-workspace/aiter/op_tests/test_moe_2stage.py -q 7 -dim 7168,512 -e 385 -k 7 -t 128",10,100,True,False,True,True,effective_tflops = token*model_dim*inter_dim*3*topk*2 / combined_us / 1e6; mfu = effective_tflops / 4523,deepseek_v4,7168,512,385,7,a8w4,silu,128,64,256,256,64,256,256,262.4,155.9,0.0,418.29999999999995,,47.16711933062396,0.01042828196564757,,,,
0,AMD Instinct MI350X,HEAD,523ca1c7e224ee62d5e3a4c0f52a18b9cec5e727,"python3 /sgl-workspace/FlyDSL-mxfp4-moe/tests/kernels/test_moe_gemm.py --in_dtype a8w4 -dim 7168,512 -t 256 -e 385 -k 7 --num_warmup 10 --num_iters 100 --tile_m 64 --tile_n 256 --tile_k 256 --tile_n2 256 --tile_k2 256 --skip_ref true --compare_aiter_ck false ; python3 /sgl-workspace/aiter/op_tests/test_moe_2stage.py -q 7 -dim 7168,512 -e 385 -k 7 -t 256",10,100,True,False,True,True,effective_tflops = token*model_dim*inter_dim*3*topk*2 / combined_us / 1e6; mfu = effective_tflops / 4523,deepseek_v4,7168,512,385,7,a8w4,silu,256,64,256,256,64,256,256,277.9,177.9,0.0,455.79999999999995,,86.57308475647214,0.019140633375297842,,,,
0,AMD Instinct MI350X,HEAD,523ca1c7e224ee62d5e3a4c0f52a18b9cec5e727,"python3 /sgl-workspace/FlyDSL-mxfp4-moe/tests/kernels/test_moe_gemm.py --in_dtype a8w4 -dim 7168,512 -t 512 -e 385 -k 7 --num_warmup 10 --num_iters 100 --tile_m 64 --tile_n 256 --tile_k 256 --tile_n2 256 --tile_k2 256 --skip_ref true --compare_aiter_ck false ; python3 /sgl-workspace/aiter/op_tests/test_moe_2stage.py -q 7 -dim 7168,512 -e 385 -k 7 -t 512",10,100,True,False,True,True,effective_tflops = token*model_dim*inter_dim*3*topk*2 / combined_us / 1e6; mfu = effective_tflops / 4523,deepseek_v4,7168,512,385,7,a8w4,silu,512,64,256,256,64,256,256,323.6,189.8,0.0,513.4000000000001,,153.72034293728083,0.033986368104638696,,,,
0,AMD Instinct MI350X,HEAD,523ca1c7e224ee62d5e3a4c0f52a18b9cec5e727,"python3 /sgl-workspace/FlyDSL-mxfp4-moe/tests/kernels/test_moe_gemm.py --in_dtype a8w4 -dim 7168,512 -t 1024 -e 385 -k 7 --num_warmup 10 --num_iters 100 --tile_m 64 --tile_n 256 --tile_k 256 --tile_n2 256 --tile_k2 256 --skip_ref true --compare_aiter_ck false ; python3 /sgl-workspace/aiter/op_tests/test_moe_2stage.py -q 7 -dim 7168,512 -e 385 -k 7 -t 1024",10,100,True,False,True,True,effective_tflops = token*model_dim*inter_dim*3*topk*2 / combined_us / 1e6; mfu = effective_tflops / 4523,deepseek_v4,7168,512,385,7,a8w4,silu,1024,64,256,256,64,256,256,327.3,213.3,0.0,540.6,,291.9719721198668,0.06455272432453389,,,,
0,AMD Instinct MI350X,HEAD,523ca1c7e224ee62d5e3a4c0f52a18b9cec5e727,"python3 /sgl-workspace/FlyDSL-mxfp4-moe/tests/kernels/test_moe_gemm.py --in_dtype a8w4 -dim 7168,512 -t 2048 -e 385 -k 7 --num_warmup 10 --num_iters 100 --tile_m 64 --tile_n 256 --tile_k 256 --tile_n2 256 --tile_k2 256 --skip_ref true --compare_aiter_ck false ; python3 /sgl-workspace/aiter/op_tests/test_moe_2stage.py -q 7 -dim 7168,512 -e 385 -k 7 -t 2048",10,100,True,False,True,True,effective_tflops = token*model_dim*inter_dim*3*topk*2 / combined_us / 1e6; mfu = effective_tflops / 4523,deepseek_v4,7168,512,385,7,a8w4,silu,2048,64,256,256,64,256,256,336.2,252.9,0.0,589.1,,535.8684370327618,0.1184763292135224,,,,
0,AMD Instinct MI350X,HEAD,523ca1c7e224ee62d5e3a4c0f52a18b9cec5e727,"python3 /sgl-workspace/FlyDSL-mxfp4-moe/tests/kernels/test_moe_gemm.py --in_dtype a8w4 -dim 7168,512 -t 4096 -e 385 -k 7 --num_warmup 10 --num_iters 100 --tile_m 64 --tile_n 256 --tile_k 256 --tile_n2 256 --tile_k2 256 --skip_ref true --compare_aiter_ck false ; python3 /sgl-workspace/aiter/op_tests/test_moe_2stage.py -q 7 -dim 7168,512 -e 385 -k 7 -t 4096",10,100,True,False,True,True,effective_tflops = token*model_dim*inter_dim*3*topk*2 / combined_us / 1e6; mfu = effective_tflops / 4523,deepseek_v4,7168,512,385,7,a8w4,silu,4096,64,256,256,64,256,256,488.1,463.1,0.0,951.2,,663.7512536921782,0.14675022190850723,,,,
0,AMD Instinct MI350X,HEAD,523ca1c7e224ee62d5e3a4c0f52a18b9cec5e727,"python3 /sgl-workspace/FlyDSL-mxfp4-moe/tests/kernels/test_moe_gemm.py --in_dtype a8w4 -dim 7168,512 -t 8192 -e 385 -k 7 --num_warmup 10 --num_iters 100 --tile_m 64 --tile_n 256 --tile_k 256 --tile_n2 256 --tile_k2 256 --skip_ref true --compare_aiter_ck false ; python3 /sgl-workspace/aiter/op_tests/test_moe_2stage.py -q 7 -dim 7168,512 -e 385 -k 7 -t 8192",10,100,True,False,True,True,effective_tflops = token*model_dim*inter_dim*3*topk*2 / combined_us / 1e6; mfu = effective_tflops / 4523,deepseek_v4,7168,512,385,7,a8w4,silu,8192,64,256,256,64,256,256,743.0,789.4,0.0,1532.4,,824.0148688488645,0.18218325643353184,,,,
0,AMD Instinct MI350X,HEAD,523ca1c7e224ee62d5e3a4c0f52a18b9cec5e727,"python3 /sgl-workspace/FlyDSL-mxfp4-moe/tests/kernels/test_moe_gemm.py --in_dtype a8w4 -dim 7168,512 -t 16384 -e 385 -k 7 --num_warmup 10 --num_iters 100 --tile_m 64 --tile_n 256 --tile_k 256 --tile_n2 256 --tile_k2 256 --skip_ref true --compare_aiter_ck false ; python3 /sgl-workspace/aiter/op_tests/test_moe_2stage.py -q 7 -dim 7168,512 -e 385 -k 7 -t 16384",10,100,True,False,True,True,effective_tflops = token*model_dim*inter_dim*3*topk*2 / combined_us / 1e6; mfu = effective_tflops / 4523,deepseek_v4,7168,512,385,7,a8w4,silu,16384,64,256,256,64,256,256,1181.5,1443.1,0.0,2624.6,,962.2192981970587,0.2127391771384167,,,,
0,AMD Instinct MI350X,HEAD,523ca1c7e224ee62d5e3a4c0f52a18b9cec5e727,"python3 /sgl-workspace/FlyDSL-mxfp4-moe/tests/kernels/test_moe_gemm.py --in_dtype a8w4 -dim 7168,512 -t 32768 -e 385 -k 7 --num_warmup 10 --num_iters 100 --tile_m 64 --tile_n 256 --tile_k 256 --tile_n2 256 --tile_k2 256 --skip_ref true --compare_aiter_ck false ; python3 /sgl-workspace/aiter/op_tests/test_moe_2stage.py -q 7 -dim 7168,512 -e 385 -k 7 -t 32768",10,100,True,False,True,True,effective_tflops = token*model_dim*inter_dim*3*topk*2 / combined_us / 1e6; mfu = effective_tflops / 4523,deepseek_v4,7168,512,385,7,a8w4,silu,32768,64,256,256,64,256,256,1962.8,2856.4,0.0,4819.2,,1048.0746887649402,0.23172113392990057,,,,
0,AMD Instinct MI350X,HEAD,523ca1c7e224ee62d5e3a4c0f52a18b9cec5e727,"python3 /sgl-workspace/FlyDSL-mxfp4-moe/tests/kernels/test_moe_gemm.py --in_dtype fp4 -dim 7168,256 -t 1 -e 384 -k 8 --num_warmup 10 --num_iters 100 --tile_m 64 --tile_n 256 --tile_k 256 --tile_n2 256 --tile_k2 256 --skip_ref true --compare_aiter_ck false ; python3 /sgl-workspace/aiter/op_tests/test_moe_2stage.py -q 4 -dim 7168,256 -e 384 -k 8 -t 1",10,100,True,False,True,True,effective_tflops = token*model_dim*inter_dim*3*topk*2 / combined_us / 1e6; mfu = effective_tflops / 4523,kimi_k2,7168,256,384,8,a4w4,silu,1,64,256,256,64,256,256,55.1,21.6,0.0,76.7,,1.1483752803129075,0.00025389681191972306,,,,
0,AMD Instinct MI350X,HEAD,523ca1c7e224ee62d5e3a4c0f52a18b9cec5e727,"python3 /sgl-workspace/FlyDSL-mxfp4-moe/tests/kernels/test_moe_gemm.py --in_dtype fp4 -dim 7168,256 -t 2 -e 384 -k 8 --num_warmup 10 --num_iters 100 --tile_m 64 --tile_n 256 --tile_k 256 --tile_n2 256 --tile_k2 256 --skip_ref true --compare_aiter_ck false ; python3 /sgl-workspace/aiter/op_tests/test_moe_2stage.py -q 4 -dim 7168,256 -e 384 -k 8 -t 2",10,100,True,False,True,True,effective_tflops = token*model_dim*inter_dim*3*topk*2 / combined_us / 1e6; mfu = effective_tflops / 4523,kimi_k2,7168,256,384,8,a4w4,silu,2,64,256,256,64,256,256,55.2,21.8,0.0,77.0,,2.2878021818181815,0.0005058152071231885,,,,
0,AMD Instinct MI350X,HEAD,523ca1c7e224ee62d5e3a4c0f52a18b9cec5e727,"python3 /sgl-workspace/FlyDSL-mxfp4-moe/tests/kernels/test_moe_gemm.py --in_dtype fp4 -dim 7168,256 -t 4 -e 384 -k 8 --num_warmup 10 --num_iters 100 --tile_m 64 --tile_n 256 --tile_k 256 --tile_n2 256 --tile_k2 256 --skip_ref true --compare_aiter_ck false ; python3 /sgl-workspace/aiter/op_tests/test_moe_2stage.py -q 4 -dim 7168,256 -e 384 -k 8 -t 4",10,100,True,False,True,True,effective_tflops = token*model_dim*inter_dim*3*topk*2 / combined_us / 1e6; mfu = effective_tflops / 4523,kimi_k2,7168,256,384,8,a4w4,silu,4,64,256,256,64,256,256,56.3,22.4,0.0,78.69999999999999,,4.47676665819568,0.0009897781689577007,,,,
0,AMD Instinct MI350X,HEAD,523ca1c7e224ee62d5e3a4c0f52a18b9cec5e727,"python3 /sgl-workspace/FlyDSL-mxfp4-moe/tests/kernels/test_moe_gemm.py --in_dtype fp4 -dim 7168,256 -t 8 -e 384 -k 8 --num_warmup 10 --num_iters 100 --tile_m 64 --tile_n 256 --tile_k 256 --tile_n2 256 --tile_k2 256 --skip_ref true --compare_aiter_ck false ; python3 /sgl-workspace/aiter/op_tests/test_moe_2stage.py -q 4 -dim 7168,256 -e 384 -k 8 -t 8",10,100,True,False,True,True,effective_tflops = token*model_dim*inter_dim*3*topk*2 / combined_us / 1e6; mfu = effective_tflops / 4523,kimi_k2,7168,256,384,8,a4w4,silu,8,64,256,256,64,256,256,58.1,25.8,0.0,83.9,,8.398606340882,0.0018568663145881053,,,,
0,AMD Instinct MI350X,HEAD,523ca1c7e224ee62d5e3a4c0f52a18b9cec5e727,"python3 /sgl-workspace/FlyDSL-mxfp4-moe/tests/kernels/test_moe_gemm.py --in_dtype fp4 -dim 7168,256 -t 16 -e 384 -k 8 --num_warmup 10 --num_iters 100 --tile_m 64 --tile_n 256 --tile_k 256 --tile_n2 256 --tile_k2 256 --skip_ref true --compare_aiter_ck false ; python3 /sgl-workspace/aiter/op_tests/test_moe_2stage.py -q 4 -dim 7168,256 -e 384 -k 8 -t 16",10,100,True,False,True,True,effective_tflops = token*model_dim*inter_dim*3*topk*2 / combined_us / 1e6; mfu = effective_tflops / 4523,kimi_k2,7168,256,384,8,a4w4,silu,16,64,256,256,64,256,256,63.6,33.7,0.0,97.30000000000001,,14.483927482014385,0.0032022833256719844,,,,
0,AMD Instinct MI350X,HEAD,523ca1c7e224ee62d5e3a4c0f52a18b9cec5e727,"python3 /sgl-workspace/FlyDSL-mxfp4-moe/tests/kernels/test_moe_gemm.py --in_dtype fp4 -dim 7168,256 -t 32 -e 384 -k 8 --num_warmup 10 --num_iters 100 --tile_m 64 --tile_n 256 --tile_k 256 --tile_n2 256 --tile_k2 256 --skip_ref true --compare_aiter_ck false ; python3 /sgl-workspace/aiter/op_tests/test_moe_2stage.py -q 4 -dim 7168,256 -e 384 -k 8 -t 32",10,100,True,False,True,True,effective_tflops = token*model_dim*inter_dim*3*topk*2 / combined_us / 1e6; mfu = effective_tflops / 4523,kimi_k2,7168,256,384,8,a4w4,silu,32,64,256,256,64,256,256,74.4,48.9,0.0,123.30000000000001,,22.85946705596107,0.005054049758116531,,,,
0,AMD Instinct MI350X,HEAD,523ca1c7e224ee62d5e3a4c0f52a18b9cec5e727,"python3 /sgl-workspace/FlyDSL-mxfp4-moe/tests/kernels/test_moe_gemm.py --in_dtype fp4 -dim 7168,256 -t 64 -e 384 -k 8 --num_warmup 10 --num_iters 100 --tile_m 64 --tile_n 256 --tile_k 256 --tile_n2 256 --tile_k2 256 --skip_ref true --compare_aiter_ck false ; python3 /sgl-workspace/aiter/op_tests/test_moe_2stage.py -q 4 -dim 7168,256 -e 384 -k 8 -t 64",10,100,True,False,True,True,effective_tflops = token*model_dim*inter_dim*3*topk*2 / combined_us / 1e6; mfu = effective_tflops / 4523,kimi_k2,7168,256,384,8,a4w4,silu,64,64,256,256,64,256,256,144.5,73.7,0.0,218.2,,25.834759743354724,0.005711863750465338,,,,
0,AMD Instinct MI350X,HEAD,523ca1c7e224ee62d5e3a4c0f52a18b9cec5e727,"python3 /sgl-workspace/FlyDSL-mxfp4-moe/tests/kernels/test_moe_gemm.py --in_dtype fp4 -dim 7168,256 -t 128 -e 384 -k 8 --num_warmup 10 --num_iters 100 --tile_m 64 --tile_n 256 --tile_k 256 --tile_n2 256 --tile_k2 256 --skip_ref true --compare_aiter_ck false ; python3 /sgl-workspace/aiter/op_tests/test_moe_2stage.py -q 4 -dim 7168,256 -e 384 -k 8 -t 128",10,100,True,False,True,True,effective_tflops = token*model_dim*inter_dim*3*topk*2 / combined_us / 1e6; mfu = effective_tflops / 4523,kimi_k2,7168,256,384,8,a4w4,silu,128,64,256,256,64,256,256,153.8,94.0,0.0,247.8,,45.497534915254235,0.010059149881771885,,,,
0,AMD Instinct MI350X,HEAD,523ca1c7e224ee62d5e3a4c0f52a18b9cec5e727,"python3 /sgl-workspace/FlyDSL-mxfp4-moe/tests/kernels/test_moe_gemm.py --in_dtype fp4 -dim 7168,256 -t 256 -e 384 -k 8 --num_warmup 10 --num_iters 100 --tile_m 64 --tile_n 256 --tile_k 256 --tile_n2 256 --tile_k2 256 --skip_ref true --compare_aiter_ck false ; python3 /sgl-workspace/aiter/op_tests/test_moe_2stage.py -q 4 -dim 7168,256 -e 384 -k 8 -t 256",10,100,True,False,True,True,effective_tflops = token*model_dim*inter_dim*3*topk*2 / combined_us / 1e6; mfu = effective_tflops / 4523,kimi_k2,7168,256,384,8,a4w4,silu,256,64,256,256,64,256,256,156.4,102.7,0.0,259.1,,87.02654690852953,0.01924089031804765,,,,
0,AMD Instinct MI350X,HEAD,523ca1c7e224ee62d5e3a4c0f52a18b9cec5e727,"python3 /sgl-workspace/FlyDSL-mxfp4-moe/tests/kernels/test_moe_gemm.py --in_dtype fp4 -dim 7168,256 -t 512 -e 384 -k 8 --num_warmup 10 --num_iters 100 --tile_m 64 --tile_n 256 --tile_k 256 --tile_n2 256 --tile_k2 256 --skip_ref true --compare_aiter_ck false ; python3 /sgl-workspace/aiter/op_tests/test_moe_2stage.py -q 4 -dim 7168,256 -e 384 -k 8 -t 512",10,100,True,False,True,True,effective_tflops = token*model_dim*inter_dim*3*topk*2 / combined_us / 1e6; mfu = effective_tflops / 4523,kimi_k2,7168,256,384,8,a4w4,silu,512,64,256,256,64,256,256,156.8,112.0,0.0,268.8,,167.77216,0.03709311518903383,,,,
0,AMD Instinct MI350X,HEAD,523ca1c7e224ee62d5e3a4c0f52a18b9cec5e727,"python3 /sgl-workspace/FlyDSL-mxfp4-moe/tests/kernels/test_moe_gemm.py --in_dtype fp4 -dim 7168,256 -t 1024 -e 384 -k 8 --num_warmup 10 --num_iters 100 --tile_m 64 --tile_n 256 --tile_k 256 --tile_n2 256 --tile_k2 256 --skip_ref true --compare_aiter_ck false ; python3 /sgl-workspace/aiter/op_tests/test_moe_2stage.py -q 4 -dim 7168,256 -e 384 -k 8 -t 1024",10,100,True,False,True,True,effective_tflops = token*model_dim*inter_dim*3*topk*2 / combined_us / 1e6; mfu = effective_tflops / 4523,kimi_k2,7168,256,384,8,a4w4,silu,1024,64,256,256,64,256,256,158.2,130.7,0.0,288.9,,312.19907655244026,0.06902477925103698,,,,
0,AMD Instinct MI350X,HEAD,523ca1c7e224ee62d5e3a4c0f52a18b9cec5e727,"python3 /sgl-workspace/FlyDSL-mxfp4-moe/tests/kernels/test_moe_gemm.py --in_dtype fp4 -dim 7168,256 -t 2048 -e 384 -k 8 --num_warmup 10 --num_iters 100 --tile_m 64 --tile_n 256 --tile_k 256 --tile_n2 256 --tile_k2 256 --skip_ref true --compare_aiter_ck false ; python3 /sgl-workspace/aiter/op_tests/test_moe_2stage.py -q 4 -dim 7168,256 -e 384 -k 8 -t 2048",10,100,True,False,True,True,effective_tflops = token*model_dim*inter_dim*3*topk*2 / combined_us / 1e6; mfu = effective_tflops / 4523,kimi_k2,7168,256,384,8,a4w4,silu,2048,64,256,256,64,256,256,161.3,174.2,0.0,335.5,,537.6710176810731,0.11887486572652511,,,,
0,AMD Instinct MI350X,HEAD,523ca1c7e224ee62d5e3a4c0f52a18b9cec5e727,"python3 /sgl-workspace/FlyDSL-mxfp4-moe/tests/kernels/test_moe_gemm.py --in_dtype fp4 -dim 7168,256 -t 4096 -e 384 -k 8 --num_warmup 10 --num_iters 100 --tile_m 64 --tile_n 256 --tile_k 256 --tile_n2 256 --tile_k2 256 --skip_ref true --compare_aiter_ck false ; python3 /sgl-workspace/aiter/op_tests/test_moe_2stage.py -q 4 -dim 7168,256 -e 384 -k 8 -t 4096",10,100,True,False,True,True,effective_tflops = token*model_dim*inter_dim*3*topk*2 / combined_us / 1e6; mfu = effective_tflops / 4523,kimi_k2,7168,256,384,8,a4w4,silu,4096,64,256,256,64,256,256,231.0,328.9,0.0,559.9,,644.3601587140562,0.142463002147702,,,,
0,AMD Instinct MI350X,HEAD,523ca1c7e224ee62d5e3a4c0f52a18b9cec5e727,"python3 /sgl-workspace/FlyDSL-mxfp4-moe/tests/kernels/test_moe_gemm.py --in_dtype fp4 -dim 7168,256 -t 8192 -e 384 -k 8 --num_warmup 10 --num_iters 100 --tile_m 64 --tile_n 256 --tile_k 256 --tile_n2 256 --tile_k2 256 --skip_ref true --compare_aiter_ck false ; python3 /sgl-workspace/aiter/op_tests/test_moe_2stage.py -q 4 -dim 7168,256 -e 384 -k 8 -t 8192",10,100,True,False,True,True,effective_tflops = token*model_dim*inter_dim*3*topk*2 / combined_us / 1e6; mfu = effective_tflops / 4523,kimi_k2,7168,256,384,8,a4w4,silu,8192,64,256,256,64,256,256,367.7,558.4,0.0,926.0999999999999,,779.1323892970522,0.17226009049238386,,,,
0,AMD Instinct MI350X,HEAD,523ca1c7e224ee62d5e3a4c0f52a18b9cec5e727,"python3 /sgl-workspace/FlyDSL-mxfp4-moe/tests/kernels/test_moe_gemm.py --in_dtype fp4 -dim 7168,256 -t 16384 -e 384 -k 8 --num_warmup 10 --num_iters 100 --tile_m 64 --tile_n 256 --tile_k 256 --tile_n2 256 --tile_k2 256 --skip_ref true --compare_aiter_ck false ; python3 /sgl-workspace/aiter/op_tests/test_moe_2stage.py -q 4 -dim 7168,256 -e 384 -k 8 -t 16384",10,100,True,False,True,True,effective_tflops = token*model_dim*inter_dim*3*topk*2 / combined_us / 1e6; mfu = effective_tflops / 4523,kimi_k2,7168,256,384,8,a4w4,silu,16384,64,256,256,64,256,256,668.0,1094.6,0.0,1762.6,,818.7388014614774,0.181016759111536,,,,
0,AMD Instinct MI350X,HEAD,523ca1c7e224ee62d5e3a4c0f52a18b9cec5e727,"python3 /sgl-workspace/FlyDSL-mxfp4-moe/tests/kernels/test_moe_gemm.py --in_dtype fp4 -dim 7168,256 -t 32768 -e 384 -k 8 --num_warmup 10 --num_iters 100 --tile_m 64 --tile_n 256 --tile_k 256 --tile_n2 256 --tile_k2 256 --skip_ref true --compare_aiter_ck false ; python3 /sgl-workspace/aiter/op_tests/test_moe_2stage.py -q 4 -dim 7168,256 -e 384 -k 8 -t 32768",10,100,True,False,True,True,effective_tflops = token*model_dim*inter_dim*3*topk*2 / combined_us / 1e6; mfu = effective_tflops / 4523,kimi_k2,7168,256,384,8,a4w4,silu,32768,64,256,256,64,256,256,1042.5,2143.7,0.0,3186.2,,905.849608597075,0.20027627870817488,,,,
0,AMD Instinct MI350X,HEAD,523ca1c7e224ee62d5e3a4c0f52a18b9cec5e727,"python3 /sgl-workspace/FlyDSL-mxfp4-moe/tests/kernels/test_moe_gemm.py --in_dtype a8w4 -dim 7168,256 -t 1 -e 384 -k 8 --num_warmup 10 --num_iters 100 --tile_m 64 --tile_n 256 --tile_k 256 --tile_n2 256 --tile_k2 256 --skip_ref true --compare_aiter_ck false ; python3 /sgl-workspace/aiter/op_tests/test_moe_2stage.py -q 7 -dim 7168,256 -e 384 -k 8 -t 1",10,100,True,False,True,True,effective_tflops = token*model_dim*inter_dim*3*topk*2 / combined_us / 1e6; mfu = effective_tflops / 4523,kimi_k2,7168,256,384,8,a8w4,silu,1,64,256,256,64,256,256,58.5,22.4,0.0,80.9,,1.0887562917181706,0.00024071551884107242,,,,
0,AMD Instinct MI350X,HEAD,523ca1c7e224ee62d5e3a4c0f52a18b9cec5e727,"python3 /sgl-workspace/FlyDSL-mxfp4-moe/tests/kernels/test_moe_gemm.py --in_dtype a8w4 -dim 7168,256 -t 2 -e 384 -k 8 --num_warmup 10 --num_iters 100 --tile_m 64 --tile_n 256 --tile_k 256 --tile_n2 256 --tile_k2 256 --skip_ref true --compare_aiter_ck false ; python3 /sgl-workspace/aiter/op_tests/test_moe_2stage.py -q 7 -dim 7168,256 -e 384 -k 8 -t 2",10,100,True,False,True,True,effective_tflops = token*model_dim*inter_dim*3*topk*2 / combined_us / 1e6; mfu = effective_tflops / 4523,kimi_k2,7168,256,384,8,a8w4,silu,2,64,256,256,64,256,256,58.6,22.6,0.0,81.2,,2.169467586206897,0.00047965235158233405,,,,
0,AMD Instinct MI350X,HEAD,523ca1c7e224ee62d5e3a4c0f52a18b9cec5e727,"python3 /sgl-workspace/FlyDSL-mxfp4-moe/tests/kernels/test_moe_gemm.py --in_dtype a8w4 -dim 7168,256 -t 4 -e 384 -k 8 --num_warmup 10 --num_iters 100 --tile_m 64 --tile_n 256 --tile_k 256 --tile_n2 256 --tile_k2 256 --skip_ref true --compare_aiter_ck false ; python3 /sgl-workspace/aiter/op_tests/test_moe_2stage.py -q 7 -dim 7168,256 -e 384 -k 8 -t 4",10,100,True,False,True,True,effective_tflops = token*model_dim*inter_dim*3*topk*2 / combined_us / 1e6; mfu = effective_tflops / 4523,kimi_k2,7168,256,384,8,a8w4,silu,4,64,256,256,64,256,256,59.5,25.6,0.0,85.1,,4.140088554641598,0.000915341267884501,,,,
0,AMD Instinct MI350X,HEAD,523ca1c7e224ee62d5e3a4c0f52a18b9cec5e727,"python3 /sgl-workspace/FlyDSL-mxfp4-moe/tests/kernels/test_moe_gemm.py --in_dtype a8w4 -dim 7168,256 -t 8 -e 384 -k 8 --num_warmup 10 --num_iters 100 --tile_m 64 --tile_n 256 --tile_k 256 --tile_n2 256 --tile_k2 256 --skip_ref true --compare_aiter_ck false ; python3 /sgl-workspace/aiter/op_tests/test_moe_2stage.py -q 7 -dim 7168,256 -e 384 -k 8 -t 8",10,100,True,False,True,True,effective_tflops = token*model_dim*inter_dim*3*topk*2 / combined_us / 1e6; mfu = effective_tflops / 4523,kimi_k2,7168,256,384,8,a8w4,silu,8,64,256,256,64,256,256,61.6,31.8,0.0,93.4,,7.544358372591006,0.0016679987558237909,,,,
0,AMD Instinct MI350X,HEAD,523ca1c7e224ee62d5e3a4c0f52a18b9cec5e727,"python3 /sgl-workspace/FlyDSL-mxfp4-moe/tests/kernels/test_moe_gemm.py --in_dtype a8w4 -dim 7168,256 -t 16 -e 384 -k 8 --num_warmup 10 --num_iters 100 --tile_m 64 --tile_n 256 --tile_k 256 --tile_n2 256 --tile_k2 256 --skip_ref true --compare_aiter_ck false ; python3 /sgl-workspace/aiter/op_tests/test_moe_2stage.py -q 7 -dim 7168,256 -e 384 -k 8 -t 16",10,100,True,False,True,True,effective_tflops = token*model_dim*inter_dim*3*topk*2 / combined_us / 1e6; mfu = effective_tflops / 4523,kimi_k2,7168,256,384,8,a8w4,silu,16,64,256,256,64,256,256,66.5,42.2,0.0,108.7,,12.96491392824287,0.002866441284157168,,,,
0,AMD Instinct MI350X,HEAD,523ca1c7e224ee62d5e3a4c0f52a18b9cec5e727,"python3 /sgl-workspace/FlyDSL-mxfp4-moe/tests/kernels/test_moe_gemm.py --in_dtype a8w4 -dim 7168,256 -t 32 -e 384 -k 8 --num_warmup 10 --num_iters 100 --tile_m 64 --tile_n 256 --tile_k 256 --tile_n2 256 --tile_k2 256 --skip_ref true --compare_aiter_ck false ; python3 /sgl-workspace/aiter/op_tests/test_moe_2stage.py -q 7 -dim 7168,256 -e 384 -k 8 -t 32",10,100,True,False,True,True,effective_tflops = token*model_dim*inter_dim*3*topk*2 / combined_us / 1e6; mfu = effective_tflops / 4523,kimi_k2,7168,256,384,8,a8w4,silu,32,64,256,256,64,256,256,77.3,57.8,0.0,135.1,,20.8628592746114,0.004612615360294362,,,,
0,AMD Instinct MI350X,HEAD,523ca1c7e224ee62d5e3a4c0f52a18b9cec5e727,"python3 /sgl-workspace/FlyDSL-mxfp4-moe/tests/kernels/test_moe_gemm.py --in_dtype a8w4 -dim 7168,256 -t 64 -e 384 -k 8 --num_warmup 10 --num_iters 100 --tile_m 64 --tile_n 256 --tile_k 256 --tile_n2 256 --tile_k2 256 --skip_ref true --compare_aiter_ck false ; python3 /sgl-workspace/aiter/op_tests/test_moe_2stage.py -q 7 -dim 7168,256 -e 384 -k 8 -t 64",10,100,True,False,True,True,effective_tflops = token*model_dim*inter_dim*3*topk*2 / combined_us / 1e6; mfu = effective_tflops / 4523,kimi_k2,7168,256,384,8,a8w4,silu,64,64,256,256,64,256,256,148.3,82.2,0.0,230.5,,24.456158681127985,0.005407065814974129,,,,
0,AMD Instinct MI350X,HEAD,523ca1c7e224ee62d5e3a4c0f52a18b9cec5e727,"python3 /sgl-workspace/FlyDSL-mxfp4-moe/tests/kernels/test_moe_gemm.py --in_dtype a8w4 -dim 7168,256 -t 128 -e 384 -k 8 --num_warmup 10 --num_iters 100 --tile_m 64 --tile_n 256 --tile_k 256 --tile_n2 256 --tile_k2 256 --skip_ref true --compare_aiter_ck false ; python3 /sgl-workspace/aiter/op_tests/test_moe_2stage.py -q 7 -dim 7168,256 -e 384 -k 8 -t 128",10,100,True,False,True,True,effective_tflops = token*model_dim*inter_dim*3*topk*2 / combined_us / 1e6; mfu = effective_tflops / 4523,kimi_k2,7168,256,384,8,a8w4,silu,128,64,256,256,64,256,256,157.4,101.1,0.0,258.5,,43.61427138104448,0.009642775012390997,,,,
0,AMD Instinct MI350X,HEAD,523ca1c7e224ee62d5e3a4c0f52a18b9cec5e727,"python3 /sgl-workspace/FlyDSL-mxfp4-moe/tests/kernels/test_moe_gemm.py --in_dtype a8w4 -dim 7168,256 -t 256 -e 384 -k 8 --num_warmup 10 --num_iters 100 --tile_m 64 --tile_n 256 --tile_k 256 --tile_n2 256 --tile_k2 256 --skip_ref true --compare_aiter_ck false ; python3 /sgl-workspace/aiter/op_tests/test_moe_2stage.py -q 7 -dim 7168,256 -e 384 -k 8 -t 256",10,100,True,False,True,True,effective_tflops = token*model_dim*inter_dim*3*topk*2 / combined_us / 1e6; mfu = effective_tflops / 4523,kimi_k2,7168,256,384,8,a8w4,silu,256,64,256,256,64,256,256,161.5,118.9,0.0,280.4,,80.41575714693296,0.01777929629602763,,,,
0,AMD Instinct MI350X,HEAD,523ca1c7e224ee62d5e3a4c0f52a18b9cec5e727,"python3 /sgl-workspace/FlyDSL-mxfp4-moe/tests/kernels/test_moe_gemm.py --in_dtype a8w4 -dim 7168,256 -t 512 -e 384 -k 8 --num_warmup 10 --num_iters 100 --tile_m 64 --tile_n 256 --tile_k 256 --tile_n2 256 --tile_k2 256 --skip_ref true --compare_aiter_ck false ; python3 /sgl-workspace/aiter/op_tests/test_moe_2stage.py -q 7 -dim 7168,256 -e 384 -k 8 -t 512",10,100,True,False,True,True,effective_tflops = token*model_dim*inter_dim*3*topk*2 / combined_us / 1e6; mfu = effective_tflops / 4523,kimi_k2,7168,256,384,8,a8w4,silu,512,64,256,256,64,256,256,163.4,128.9,0.0,292.3,,154.2838063906945,0.03411094547660723,,,,
0,AMD Instinct MI350X,HEAD,523ca1c7e224ee62d5e3a4c0f52a18b9cec5e727,"python3 /sgl-workspace/FlyDSL-mxfp4-moe/tests/kernels/test_moe_gemm.py --in_dtype a8w4 -dim 7168,256 -t 1024 -e 384 -k 8 --num_warmup 10 --num_iters 100 --tile_m 64 --tile_n 256 --tile_k 256 --tile_n2 256 --tile_k2 256 --skip_ref true --compare_aiter_ck false ; python3 /sgl-workspace/aiter/op_tests/test_moe_2stage.py -q 7 -dim 7168,256 -e 384 -k 8 -t 1024",10,100,True,False,True,True,effective_tflops = token*model_dim*inter_dim*3*topk*2 / combined_us / 1e6; mfu = effective_tflops / 4523,kimi_k2,7168,256,384,8,a8w4,silu,1024,64,256,256,64,256,256,165.9,149.1,0.0,315.0,,286.3311530666667,0.06330558325595106,,,,
0,AMD Instinct MI350X,HEAD,523ca1c7e224ee62d5e3a4c0f52a18b9cec5e727,"python3 /sgl-workspace/FlyDSL-mxfp4-moe/tests/kernels/test_moe_gemm.py --in_dtype a8w4 -dim 7168,256 -t 2048 -e 384 -k 8 --num_warmup 10 --num_iters 100 --tile_m 64 --tile_n 256 --tile_k 256 --tile_n2 256 --tile_k2 256 --skip_ref true --compare_aiter_ck false ; python3 /sgl-workspace/aiter/op_tests/test_moe_2stage.py -q 7 -dim 7168,256 -e 384 -k 8 -t 2048",10,100,True,False,True,True,effective_tflops = token*model_dim*inter_dim*3*topk*2 / combined_us / 1e6; mfu = effective_tflops / 4523,kimi_k2,7168,256,384,8,a8w4,silu,2048,64,256,256,64,256,256,169.0,190.8,0.0,359.8,,501.35805011673153,0.11084635200458358,,,,
0,AMD Instinct MI350X,HEAD,523ca1c7e224ee62d5e3a4c0f52a18b9cec5e727,"python3 /sgl-workspace/FlyDSL-mxfp4-moe/tests/kernels/test_moe_gemm.py --in_dtype a8w4 -dim 7168,256 -t 4096 -e 384 -k 8 --num_warmup 10 --num_iters 100 --tile_m 64 --tile_n 256 --tile_k 256 --tile_n2 256 --tile_k2 256 --skip_ref true --compare_aiter_ck false ; python3 /sgl-workspace/aiter/op_tests/test_moe_2stage.py -q 7 -dim 7168,256 -e 384 -k 8 -t 4096",10,100,True,False,True,True,effective_tflops = token*model_dim*inter_dim*3*topk*2 / combined_us / 1e6; mfu = effective_tflops / 4523,kimi_k2,7168,256,384,8,a8w4,silu,4096,64,256,256,64,256,256,252.1,364.3,0.0,616.4,,585.2972953666451,0.1294046640209253,,,,
0,AMD Instinct MI350X,HEAD,523ca1c7e224ee62d5e3a4c0f52a18b9cec5e727,"python3 /sgl-workspace/FlyDSL-mxfp4-moe/tests/kernels/test_moe_gemm.py --in_dtype a8w4 -dim 7168,256 -t 8192 -e 384 -k 8 --num_warmup 10 --num_iters 100 --tile_m 64 --tile_n 256 --tile_k 256 --tile_n2 256 --tile_k2 256 --skip_ref true --compare_aiter_ck false ; python3 /sgl-workspace/aiter/op_tests/test_moe_2stage.py -q 7 -dim 7168,256 -e 384 -k 8 -t 8192",10,100,True,False,True,True,effective_tflops = token*model_dim*inter_dim*3*topk*2 / combined_us / 1e6; mfu = effective_tflops / 4523,kimi_k2,7168,256,384,8,a8w4,silu,8192,64,256,256,64,256,256,404.7,622.8,0.0,1027.5,,702.242827959124,0.15526040856933984,,,,
0,AMD Instinct MI350X,HEAD,523ca1c7e224ee62d5e3a4c0f52a18b9cec5e727,"python3 /sgl-workspace/FlyDSL-mxfp4-moe/tests/kernels/test_moe_gemm.py --in_dtype a8w4 -dim 7168,256 -t 16384 -e 384 -k 8 --num_warmup 10 --num_iters 100 --tile_m 64 --tile_n 256 --tile_k 256 --tile_n2 256 --tile_k2 256 --skip_ref true --compare_aiter_ck false ; python3 /sgl-workspace/aiter/op_tests/test_moe_2stage.py -q 7 -dim 7168,256 -e 384 -k 8 -t 16384",10,100,True,False,True,True,effective_tflops = token*model_dim*inter_dim*3*topk*2 / combined_us / 1e6; mfu = effective_tflops / 4523,kimi_k2,7168,256,384,8,a8w4,silu,16384,64,256,256,64,256,256,742.3,1214.1,0.0,1956.3999999999999,,737.6349475853609,0.16308532999897435,,,,
0,AMD Instinct MI350X,HEAD,523ca1c7e224ee62d5e3a4c0f52a18b9cec5e727,"python3 /sgl-workspace/FlyDSL-mxfp4-moe/tests/kernels/test_moe_gemm.py --in_dtype a8w4 -dim 7168,256 -t 32768 -e 384 -k 8 --num_warmup 10 --num_iters 100 --tile_m 64 --tile_n 256 --tile_k 256 --tile_n2 256 --tile_k2 256 --skip_ref true --compare_aiter_ck false ; python3 /sgl-workspace/aiter/op_tests/test_moe_2stage.py -q 7 -dim 7168,256 -e 384 -k 8 -t 32768",10,100,True,False,True,True,effective_tflops = token*model_dim*inter_dim*3*topk*2 / combined_us / 1e6; mfu = effective_tflops / 4523,kimi_k2,7168,256,384,8,a8w4,silu,32768,64,256,256,64,256,256,1222.5,2385.1,0.0,3607.6,,800.0382589289279,0.17688221510699267,,,,
0,AMD Instinct MI350X,HEAD,523ca1c7e224ee62d5e3a4c0f52a18b9cec5e727,"python3 /sgl-workspace/FlyDSL-mxfp4-moe/tests/kernels/test_moe_gemm.py --in_dtype fp4 -dim 3072,3072 -t 256 -e 128 -k 4 --num_warmup 10 --num_iters 100 --tile_m 32 --tile_n 128 --tile_k 256 --tile_n2 256 --tile_k2 256 --skip_ref true --compare_aiter_ck false ; python3 /sgl-workspace/aiter/op_tests/test_moe_2stage.py -q 4 -dim 3072,3072 -e 128 -k 4 -t 256 -a swiglu",10,100,True,False,True,True,effective_tflops = token*model_dim*inter_dim*3*topk*2 / combined_us / 1e6; mfu = effective_tflops / 4523,gpt_oss,3072,3072,128,4,a4w4,swiglu,256,32,128,256,32,256,256,216.6,118.8,0.0,335.4,,172.874354490161,0.03822117057045346,,,,
0,AMD Instinct MI350X,HEAD,523ca1c7e224ee62d5e3a4c0f52a18b9cec5e727,"python3 /sgl-workspace/FlyDSL-mxfp4-moe/tests/kernels/test_moe_gemm.py --in_dtype fp4 -dim 3072,3072 -t 512 -e 128 -k 4 --num_warmup 10 --num_iters 100 --tile_m 32 --tile_n 128 --tile_k 256 --tile_n2 256 --tile_k2 256 --skip_ref true --compare_aiter_ck false ; python3 /sgl-workspace/aiter/op_tests/test_moe_2stage.py -q 4 -dim 3072,3072 -e 128 -k 4 -t 512 -a swiglu",10,100,True,False,True,True,effective_tflops = token*model_dim*inter_dim*3*topk*2 / combined_us / 1e6; mfu = effective_tflops / 4523,gpt_oss,3072,3072,128,4,a4w4,swiglu,512,32,128,256,32,256,256,219.9,124.6,0.0,344.5,,336.61572421480406,0.07442310948812825,,,,
0,AMD Instinct MI350X,HEAD,523ca1c7e224ee62d5e3a4c0f52a18b9cec5e727,"python3 /sgl-workspace/FlyDSL-mxfp4-moe/tests/kernels/test_moe_gemm.py --in_dtype fp4 -dim 3072,3072 -t 1024 -e 128 -k 4 --num_warmup 10 --num_iters 100 --tile_m 32 --tile_n 128 --tile_k 256 --tile_n2 256 --tile_k2 256 --skip_ref true --compare_aiter_ck false ; python3 /sgl-workspace/aiter/op_tests/test_moe_2stage.py -q 4 -dim 3072,3072 -e 128 -k 4 -t 1024 -a swiglu",10,100,True,False,True,True,effective_tflops = token*model_dim*inter_dim*3*topk*2 / combined_us / 1e6; mfu = effective_tflops / 4523,gpt_oss,3072,3072,128,4,a4w4,swiglu,1024,32,128,256,32,256,256,238.2,210.9,0.0,449.1,,516.4289333867736,0.11417840667406004,,,,
0,AMD Instinct MI350X,HEAD,523ca1c7e224ee62d5e3a4c0f52a18b9cec5e727,"python3 /sgl-workspace/FlyDSL-mxfp4-moe/tests/kernels/test_moe_gemm.py --in_dtype fp4 -dim 3072,3072 -t 2048 -e 128 -k 4 --num_warmup 10 --num_iters 100 --tile_m 32 --tile_n 128 --tile_k 256 --tile_n2 256 --tile_k2 256 --skip_ref true --compare_aiter_ck false ; python3 /sgl-workspace/aiter/op_tests/test_moe_2stage.py -q 4 -dim 3072,3072 -e 128 -k 4 -t 2048 -a swiglu",10,100,True,False,True,True,effective_tflops = token*model_dim*inter_dim*3*topk*2 / combined_us / 1e6; mfu = effective_tflops / 4523,gpt_oss,3072,3072,128,4,a4w4,swiglu,2048,32,128,256,32,256,256,309.6,284.6,0.0,594.2,,780.6403028744529,0.17259347841575345,,,,
0,AMD Instinct MI350X,HEAD,523ca1c7e224ee62d5e3a4c0f52a18b9cec5e727,"python3 /sgl-workspace/FlyDSL-mxfp4-moe/tests/kernels/test_moe_gemm.py --in_dtype fp4 -dim 3072,3072 -t 4096 -e 128 -k 4 --num_warmup 10 --num_iters 100 --tile_m 32 --tile_n 128 --tile_k 256 --tile_n2 256 --tile_k2 256 --skip_ref true --compare_aiter_ck false ; python3 /sgl-workspace/aiter/op_tests/test_moe_2stage.py -q 4 -dim 3072,3072 -e 128 -k 4 -t 4096 -a swiglu",10,100,True,False,True,True,effective_tflops = token*model_dim*inter_dim*3*topk*2 / combined_us / 1e6; mfu = effective_tflops / 4523,gpt_oss,3072,3072,128,4,a4w4,swiglu,4096,32,128,256,32,256,256,449.7,537.9,0.0,987.5999999999999,,939.361012490887,0.20768538856751867,,,,
0,AMD Instinct MI350X,HEAD,523ca1c7e224ee62d5e3a4c0f52a18b9cec5e727,"python3 /sgl-workspace/FlyDSL-mxfp4-moe/tests/kernels/test_moe_gemm.py --in_dtype fp4 -dim 3072,3072 -t 8192 -e 128 -k 4 --num_warmup 10 --num_iters 100 --tile_m 32 --tile_n 128 --tile_k 256 --tile_n2 256 --tile_k2 256 --skip_ref true --compare_aiter_ck false ; python3 /sgl-workspace/aiter/op_tests/test_moe_2stage.py -q 4 -dim 3072,3072 -e 128 -k 4 -t 8192 -a swiglu",10,100,True,False,True,True,effective_tflops = token*model_dim*inter_dim*3*topk*2 / combined_us / 1e6; mfu = effective_tflops / 4523,gpt_oss,3072,3072,128,4,a4w4,swiglu,8192,32,128,256,32,256,256,735.5,984.6,0.0,1720.1,,1078.6732584570666,0.23848623888062495,,,,
0,AMD Instinct MI350X,HEAD,523ca1c7e224ee62d5e3a4c0f52a18b9cec5e727,"python3 /sgl-workspace/FlyDSL-mxfp4-moe/tests/kernels/test_moe_gemm.py --in_dtype fp4 -dim 3072,3072 -t 16384 -e 128 -k 4 --num_warmup 10 --num_iters 100 --tile_m 32 --tile_n 128 --tile_k 256 --tile_n2 256 --tile_k2 256 --skip_ref true --compare_aiter_ck false ; python3 /sgl-workspace/aiter/op_tests/test_moe_2stage.py -q 4 -dim 3072,3072 -e 128 -k 4 -t 16384 -a swiglu",10,100,True,False,True,True,effective_tflops = token*model_dim*inter_dim*3*topk*2 / combined_us / 1e6; mfu = effective_tflops / 4523,gpt_oss,3072,3072,128,4,a4w4,swiglu,16384,32,128,256,32,256,256,1311.4,1699.0,0.0,3010.4,,1232.677299941536,0.27253533051990625,,,,
0,AMD Instinct MI350X,HEAD,523ca1c7e224ee62d5e3a4c0f52a18b9cec5e727,"python3 /sgl-workspace/FlyDSL-mxfp4-moe/tests/kernels/test_moe_gemm.py --in_dtype fp4 -dim 3072,3072 -t 32768 -e 128 -k 4 --num_warmup 10 --num_iters 100 --tile_m 32 --tile_n 128 --tile_k 256 --tile_n2 256 --tile_k2 256 --skip_ref true --compare_aiter_ck false ; python3 /sgl-workspace/aiter/op_tests/test_moe_2stage.py -q 4 -dim 3072,3072 -e 128 -k 4 -t 32768 -a swiglu",10,100,True,False,True,True,effective_tflops = token*model_dim*inter_dim*3*topk*2 / combined_us / 1e6; mfu = effective_tflops / 4523,gpt_oss,3072,3072,128,4,a4w4,swiglu,32768,32,128,256,32,256,256,2488.4,3179.2,0.0,5667.6,,1309.4966983358036,0.28951949996369747,,,,
0,AMD Instinct MI350X,HEAD,523ca1c7e224ee62d5e3a4c0f52a18b9cec5e727,"python3 /sgl-workspace/FlyDSL-mxfp4-moe/tests/kernels/test_moe_gemm.py --in_dtype a8w4 -dim 3072,3072 -t 256 -e 128 -k 4 --num_warmup 10 --num_iters 100 --tile_m 32 --tile_n 128 --tile_k 256 --tile_n2 256 --tile_k2 256 --skip_ref true --compare_aiter_ck false ; python3 /sgl-workspace/aiter/op_tests/test_moe_2stage.py -q 7 -dim 3072,3072 -e 128 -k 4 -t 256 -a swiglu",10,100,True,False,True,True,effective_tflops = token*model_dim*inter_dim*3*topk*2 / combined_us / 1e6; mfu = effective_tflops / 4523,gpt_oss,3072,3072,128,4,a8w4,swiglu,256,32,128,256,32,256,256,216.2,123.9,0.0,340.1,,170.48532342252278,0.037692974446721816,,,,
0,AMD Instinct MI350X,HEAD,523ca1c7e224ee62d5e3a4c0f52a18b9cec5e727,"python3 /sgl-workspace/FlyDSL-mxfp4-moe/tests/kernels/test_moe_gemm.py --in_dtype a8w4 -dim 3072,3072 -t 512 -e 128 -k 4 --num_warmup 10 --num_iters 100 --tile_m 32 --tile_n 128 --tile_k 256 --tile_n2 256 --tile_k2 256 --skip_ref true --compare_aiter_ck false ; python3 /sgl-workspace/aiter/op_tests/test_moe_2stage.py -q 7 -dim 3072,3072 -e 128 -k 4 -t 512 -a swiglu",10,100,True,False,True,True,effective_tflops = token*model_dim*inter_dim*3*topk*2 / combined_us / 1e6; mfu = effective_tflops / 4523,gpt_oss,3072,3072,128,4,a8w4,swiglu,512,32,128,256,32,256,256,223.5,129.6,0.0,353.1,,328.4172103993203,0.07261048206927267,,,,
0,AMD Instinct MI350X,HEAD,523ca1c7e224ee62d5e3a4c0f52a18b9cec5e727,"python3 /sgl-workspace/FlyDSL-mxfp4-moe/tests/kernels/test_moe_gemm.py --in_dtype a8w4 -dim 3072,3072 -t 1024 -e 128 -k 4 --num_warmup 10 --num_iters 100 --tile_m 32 --tile_n 128 --tile_k 256 --tile_n2 256 --tile_k2 256 --skip_ref true --compare_aiter_ck false ; python3 /sgl-workspace/aiter/op_tests/test_moe_2stage.py -q 7 -dim 3072,3072 -e 128 -k 4 -t 1024 -a swiglu",10,100,True,False,True,True,effective_tflops = token*model_dim*inter_dim*3*topk*2 / combined_us / 1e6; mfu = effective_tflops / 4523,gpt_oss,3072,3072,128,4,a8w4,swiglu,1024,32,128,256,32,256,256,253.4,221.4,0.0,474.8,,488.47564023588876,0.10799815172139925,,,,
0,AMD Instinct MI350X,HEAD,523ca1c7e224ee62d5e3a4c0f52a18b9cec5e727,"python3 /sgl-workspace/FlyDSL-mxfp4-moe/tests/kernels/test_moe_gemm.py --in_dtype a8w4 -dim 3072,3072 -t 2048 -e 128 -k 4 --num_warmup 10 --num_iters 100 --tile_m 32 --tile_n 128 --tile_k 256 --tile_n2 256 --tile_k2 256 --skip_ref true --compare_aiter_ck false ; python3 /sgl-workspace/aiter/op_tests/test_moe_2stage.py -q 7 -dim 3072,3072 -e 128 -k 4 -t 2048 -a swiglu",10,100,True,False,True,True,effective_tflops = token*model_dim*inter_dim*3*topk*2 / combined_us / 1e6; mfu = effective_tflops / 4523,gpt_oss,3072,3072,128,4,a8w4,swiglu,2048,32,128,256,32,256,256,343.0,301.3,0.0,644.3,,719.9386434393916,0.15917281526407068,,,,
0,AMD Instinct MI350X,HEAD,523ca1c7e224ee62d5e3a4c0f52a18b9cec5e727,"python3 /sgl-workspace/FlyDSL-mxfp4-moe/tests/kernels/test_moe_gemm.py --in_dtype a8w4 -dim 3072,3072 -t 4096 -e 128 -k 4 --num_warmup 10 --num_iters 100 --tile_m 32 --tile_n 128 --tile_k 256 --tile_n2 256 --tile_k2 256 --skip_ref true --compare_aiter_ck false ; python3 /sgl-workspace/aiter/op_tests/test_moe_2stage.py -q 7 -dim 3072,3072 -e 128 -k 4 -t 4096 -a swiglu",10,100,True,False,True,True,effective_tflops = token*model_dim*inter_dim*3*topk*2 / combined_us / 1e6; mfu = effective_tflops / 4523,gpt_oss,3072,3072,128,4,a8w4,swiglu,4096,32,128,256,32,256,256,525.6,563.1,0.0,1088.7,,852.1290860071645,0.18839909042829195,,,,
0,AMD Instinct MI350X,HEAD,523ca1c7e224ee62d5e3a4c0f52a18b9cec5e727,"python3 /sgl-workspace/FlyDSL-mxfp4-moe/tests/kernels/test_moe_gemm.py --in_dtype a8w4 -dim 3072,3072 -t 8192 -e 128 -k 4 --num_warmup 10 --num_iters 100 --tile_m 32 --tile_n 128 --tile_k 256 --tile_n2 256 --tile_k2 256 --skip_ref true --compare_aiter_ck false ; python3 /sgl-workspace/aiter/op_tests/test_moe_2stage.py -q 7 -dim 3072,3072 -e 128 -k 4 -t 8192 -a swiglu",10,100,True,False,True,True,effective_tflops = token*model_dim*inter_dim*3*topk*2 / combined_us / 1e6; mfu = effective_tflops / 4523,gpt_oss,3072,3072,128,4,a8w4,swiglu,8192,32,128,256,32,256,256,889.8,1037.1,0.0,1926.8999999999999,,962.9071938720225,0.2128912655034319,,,,
0,AMD Instinct MI350X,HEAD,523ca1c7e224ee62d5e3a4c0f52a18b9cec5e727,"python3 /sgl-workspace/FlyDSL-mxfp4-moe/tests/kernels/test_moe_gemm.py --in_dtype a8w4 -dim 3072,3072 -t 16384 -e 128 -k 4 --num_warmup 10 --num_iters 100 --tile_m 32 --tile_n 128 --tile_k 256 --tile_n2 256 --tile_k2 256 --skip_ref true --compare_aiter_ck false ; python3 /sgl-workspace/aiter/op_tests/test_moe_2stage.py -q 7 -dim 3072,3072 -e 128 -k 4 -t 16384 -a swiglu",10,100,True,False,True,True,effective_tflops = token*model_dim*inter_dim*3*topk*2 / combined_us / 1e6; mfu = effective_tflops / 4523,gpt_oss,3072,3072,128,4,a8w4,swiglu,16384,32,128,256,32,256,256,1602.0,1847.9,0.0,3449.9,,1075.6403790672193,0.2378156929178022,,,,
0,AMD Instinct MI350X,HEAD,523ca1c7e224ee62d5e3a4c0f52a18b9cec5e727,"python3 /sgl-workspace/FlyDSL-mxfp4-moe/tests/kernels/test_moe_gemm.py --in_dtype a8w4 -dim 3072,3072 -t 32768 -e 128 -k 4 --num_warmup 10 --num_iters 100 --tile_m 32 --tile_n 128 --tile_k 256 --tile_n2 256 --tile_k2 256 --skip_ref true --compare_aiter_ck false ; python3 /sgl-workspace/aiter/op_tests/test_moe_2stage.py -q 7 -dim 3072,3072 -e 128 -k 4 -t 32768 -a swiglu",10,100,True,False,True,True,effective_tflops = token*model_dim*inter_dim*3*topk*2 / combined_us / 1e6; mfu = effective_tflops / 4523,gpt_oss,3072,3072,128,4,a8w4,swiglu,32768,32,128,256,32,256,256,3041.8,3546.5,0.0,6588.3,,1126.4975012503985,0.24905980571532135,,,,
