gpu_id,gpu_model,branch,commit,command,warmup,iters,idle_gpu_verified,graph_capture,l2_flush_per_iter,clocks_pinned,metric_formula,model,model_dim,inter_dim,experts,topk,dtype,act,token,tile_m1,tile_n1,tile_k1,tile_m2,tile_n2,tile_k2,stage1_us,stage2_us,sorting_us,kernel_path_us,kernel_path_us_p95,effective_tflops,mfu,e2e_us,e2e_us_p95,logits_diff,correctness_pass,flydsl_command,strict_error,error_category,aot_status
0,AMD Instinct MI350X,rlcr/mxfp4-moe,dd9a83d0dd516b5e336f241db8599e5111545184,"HIP_VISIBLE_DEVICES=0 FLYDSL_PERF_DIST=1 python3 /sgl-workspace/FlyDSL-mxfp4-moe/tests/kernels/test_moe_gemm.py --in_dtype fp4 -dim 7168,256 -t 1 -e 257 -k 9 --num_warmup 10 --num_iters 100 --tile_m 64 --tile_n 128 --tile_k 256 --tile_n2 256 --tile_k2 256 --skip_ref true --compare_aiter_ck false ; HIP_VISIBLE_DEVICES=0 python3 /sgl-workspace/FlyDSL-mxfp4-moe/scripts/aiter_strict_point.py --model-dim 7168 --inter-dim 256 -e 257 -k 9 -t 1 --aq fp4 --wq fp4 --act silu --gate separated --warmup 10 --iters 100 --aiter-repo /sgl-workspace/aiter",10,100,True,False,True,True,effective_tflops = token*model_dim*inter_dim*3*topk*2 / combined_us / 1e6; mfu = effective_tflops / 4523,deepseek_v3,7168,256,257,9,a4w4,silu,1,64,128,256,64,256,256,53.6,48.1,0.0,101.7,156.0,0.9743405309734513,0.0002154190871044553,34.25298969072134,490.0439977645874,0.0010723300761027454,True,"HIP_VISIBLE_DEVICES=0 FLYDSL_PERF_DIST=1 python3 /sgl-workspace/FlyDSL-mxfp4-moe/tests/kernels/test_moe_gemm.py --in_dtype fp4 -dim 7168,256 -t 1 -e 257 -k 9 --num_warmup 10 --num_iters 100 --tile_m 64 --tile_n 128 --tile_k 256 --tile_n2 256 --tile_k2 256 --skip_ref true --compare_aiter_ck false",,,checked
0,AMD Instinct MI350X,rlcr/mxfp4-moe,dd9a83d0dd516b5e336f241db8599e5111545184,"HIP_VISIBLE_DEVICES=0 FLYDSL_PERF_DIST=1 python3 /sgl-workspace/FlyDSL-mxfp4-moe/tests/kernels/test_moe_gemm.py --in_dtype fp4 -dim 7168,256 -t 2 -e 257 -k 9 --num_warmup 10 --num_iters 100 --tile_m 64 --tile_n 128 --tile_k 256 --tile_n2 256 --tile_k2 256 --skip_ref true --compare_aiter_ck false ; HIP_VISIBLE_DEVICES=0 python3 /sgl-workspace/FlyDSL-mxfp4-moe/scripts/aiter_strict_point.py --model-dim 7168 --inter-dim 256 -e 257 -k 9 -t 2 --aq fp4 --wq fp4 --act silu --gate separated --warmup 10 --iters 100 --aiter-repo /sgl-workspace/aiter",10,100,True,False,True,True,effective_tflops = token*model_dim*inter_dim*3*topk*2 / combined_us / 1e6; mfu = effective_tflops / 4523,deepseek_v3,7168,256,257,9,a4w4,silu,2,64,128,256,64,256,256,52.3,47.0,0.0,99.3,110.1,1.9957790936555893,0.00044125118144054594,41.1981785714284,494.2440092563629,0.0017019721757830508,True,"HIP_VISIBLE_DEVICES=0 FLYDSL_PERF_DIST=1 python3 /sgl-workspace/FlyDSL-mxfp4-moe/tests/kernels/test_moe_gemm.py --in_dtype fp4 -dim 7168,256 -t 2 -e 257 -k 9 --num_warmup 10 --num_iters 100 --tile_m 64 --tile_n 128 --tile_k 256 --tile_n2 256 --tile_k2 256 --skip_ref true --compare_aiter_ck false",,,checked
0,AMD Instinct MI350X,rlcr/mxfp4-moe,dd9a83d0dd516b5e336f241db8599e5111545184,"HIP_VISIBLE_DEVICES=0 FLYDSL_PERF_DIST=1 python3 /sgl-workspace/FlyDSL-mxfp4-moe/tests/kernels/test_moe_gemm.py --in_dtype fp4 -dim 7168,256 -t 4 -e 257 -k 9 --num_warmup 10 --num_iters 100 --tile_m 64 --tile_n 128 --tile_k 256 --tile_n2 256 --tile_k2 256 --skip_ref true --compare_aiter_ck false ; HIP_VISIBLE_DEVICES=0 python3 /sgl-workspace/FlyDSL-mxfp4-moe/scripts/aiter_strict_point.py --model-dim 7168 --inter-dim 256 -e 257 -k 9 -t 4 --aq fp4 --wq fp4 --act silu --gate separated --warmup 10 --iters 100 --aiter-repo /sgl-workspace/aiter",10,100,True,False,True,True,effective_tflops = token*model_dim*inter_dim*3*topk*2 / combined_us / 1e6; mfu = effective_tflops / 4523,deepseek_v3,7168,256,257,9,a4w4,silu,4,64,128,256,64,256,256,53.5,47.7,0.0,100.7,112.3,3.9360648262164846,0.000870233213844016,56.03101010101013,658.7250232696533,0.001185813698756255,True,"HIP_VISIBLE_DEVICES=0 FLYDSL_PERF_DIST=1 python3 /sgl-workspace/FlyDSL-mxfp4-moe/tests/kernels/test_moe_gemm.py --in_dtype fp4 -dim 7168,256 -t 4 -e 257 -k 9 --num_warmup 10 --num_iters 100 --tile_m 64 --tile_n 128 --tile_k 256 --tile_n2 256 --tile_k2 256 --skip_ref true --compare_aiter_ck false",,,checked
0,AMD Instinct MI350X,rlcr/mxfp4-moe,dd9a83d0dd516b5e336f241db8599e5111545184,"HIP_VISIBLE_DEVICES=0 FLYDSL_PERF_DIST=1 python3 /sgl-workspace/FlyDSL-mxfp4-moe/tests/kernels/test_moe_gemm.py --in_dtype fp4 -dim 7168,256 -t 8 -e 257 -k 9 --num_warmup 10 --num_iters 100 --tile_m 64 --tile_n 128 --tile_k 256 --tile_n2 256 --tile_k2 256 --skip_ref true --compare_aiter_ck false ; HIP_VISIBLE_DEVICES=0 python3 /sgl-workspace/FlyDSL-mxfp4-moe/scripts/aiter_strict_point.py --model-dim 7168 --inter-dim 256 -e 257 -k 9 -t 8 --aq fp4 --wq fp4 --act silu --gate separated --warmup 10 --iters 100 --aiter-repo /sgl-workspace/aiter",10,100,True,False,True,True,effective_tflops = token*model_dim*inter_dim*3*topk*2 / combined_us / 1e6; mfu = effective_tflops / 4523,deepseek_v3,7168,256,257,9,a4w4,silu,8,64,128,256,64,256,256,56.8,52.1,0.0,109.19999999999999,130.1,7.259372307692309,0.0016049905610639639,60.82965517241414,377.5230050086975,1.0548541708232939e-05,True,"HIP_VISIBLE_DEVICES=0 FLYDSL_PERF_DIST=1 python3 /sgl-workspace/FlyDSL-mxfp4-moe/tests/kernels/test_moe_gemm.py --in_dtype fp4 -dim 7168,256 -t 8 -e 257 -k 9 --num_warmup 10 --num_iters 100 --tile_m 64 --tile_n 128 --tile_k 256 --tile_n2 256 --tile_k2 256 --skip_ref true --compare_aiter_ck false",,,checked
0,AMD Instinct MI350X,rlcr/mxfp4-moe,dd9a83d0dd516b5e336f241db8599e5111545184,"HIP_VISIBLE_DEVICES=0 FLYDSL_PERF_DIST=1 python3 /sgl-workspace/FlyDSL-mxfp4-moe/tests/kernels/test_moe_gemm.py --in_dtype fp4 -dim 7168,256 -t 16 -e 257 -k 9 --num_warmup 10 --num_iters 100 --tile_m 64 --tile_n 128 --tile_k 256 --tile_n2 256 --tile_k2 256 --skip_ref true --compare_aiter_ck false ; HIP_VISIBLE_DEVICES=0 python3 /sgl-workspace/FlyDSL-mxfp4-moe/scripts/aiter_strict_point.py --model-dim 7168 --inter-dim 256 -e 257 -k 9 -t 16 --aq fp4 --wq fp4 --act silu --gate separated --warmup 10 --iters 100 --aiter-repo /sgl-workspace/aiter",10,100,True,False,True,True,effective_tflops = token*model_dim*inter_dim*3*topk*2 / combined_us / 1e6; mfu = effective_tflops / 4523,deepseek_v3,7168,256,257,9,a4w4,silu,16,64,128,256,64,256,256,66.8,59.5,0.0,126.0,135.6,12.582912,0.0027819836391775373,85.00585416666637,573.5639929771423,1.0611786476766305e-05,True,"HIP_VISIBLE_DEVICES=0 FLYDSL_PERF_DIST=1 python3 /sgl-workspace/FlyDSL-mxfp4-moe/tests/kernels/test_moe_gemm.py --in_dtype fp4 -dim 7168,256 -t 16 -e 257 -k 9 --num_warmup 10 --num_iters 100 --tile_m 64 --tile_n 128 --tile_k 256 --tile_n2 256 --tile_k2 256 --skip_ref true --compare_aiter_ck false",,,checked
0,AMD Instinct MI350X,rlcr/mxfp4-moe,dd9a83d0dd516b5e336f241db8599e5111545184,"HIP_VISIBLE_DEVICES=0 FLYDSL_PERF_DIST=1 python3 /sgl-workspace/FlyDSL-mxfp4-moe/tests/kernels/test_moe_gemm.py --in_dtype fp4 -dim 7168,256 -t 32 -e 257 -k 9 --num_warmup 10 --num_iters 100 --tile_m 64 --tile_n 128 --tile_k 256 --tile_n2 256 --tile_k2 256 --skip_ref true --compare_aiter_ck false ; HIP_VISIBLE_DEVICES=0 python3 /sgl-workspace/FlyDSL-mxfp4-moe/scripts/aiter_strict_point.py --model-dim 7168 --inter-dim 256 -e 257 -k 9 -t 32 --aq fp4 --wq fp4 --act silu --gate separated --warmup 10 --iters 100 --aiter-repo /sgl-workspace/aiter",10,100,True,False,True,True,effective_tflops = token*model_dim*inter_dim*3*topk*2 / combined_us / 1e6; mfu = effective_tflops / 4523,deepseek_v3,7168,256,257,9,a4w4,silu,32,64,128,256,64,256,256,95.9,76.8,0.0,172.89999999999998,181.7,18.339466882591093,0.004054712996372119,112.20917525773181,410.28299927711487,1.0164427300063394e-05,True,"HIP_VISIBLE_DEVICES=0 FLYDSL_PERF_DIST=1 python3 /sgl-workspace/FlyDSL-mxfp4-moe/tests/kernels/test_moe_gemm.py --in_dtype fp4 -dim 7168,256 -t 32 -e 257 -k 9 --num_warmup 10 --num_iters 100 --tile_m 64 --tile_n 128 --tile_k 256 --tile_n2 256 --tile_k2 256 --skip_ref true --compare_aiter_ck false",,,checked
0,AMD Instinct MI350X,rlcr/mxfp4-moe,dd9a83d0dd516b5e336f241db8599e5111545184,"HIP_VISIBLE_DEVICES=0 FLYDSL_PERF_DIST=1 python3 /sgl-workspace/FlyDSL-mxfp4-moe/tests/kernels/test_moe_gemm.py --in_dtype fp4 -dim 7168,256 -t 64 -e 257 -k 9 --num_warmup 10 --num_iters 100 --tile_m 64 --tile_n 128 --tile_k 256 --tile_n2 256 --tile_k2 256 --skip_ref true --compare_aiter_ck false ; HIP_VISIBLE_DEVICES=0 python3 /sgl-workspace/FlyDSL-mxfp4-moe/scripts/aiter_strict_point.py --model-dim 7168 --inter-dim 256 -e 257 -k 9 -t 64 --aq fp4 --wq fp4 --act silu --gate separated --warmup 10 --iters 100 --aiter-repo /sgl-workspace/aiter",10,100,True,False,True,True,effective_tflops = token*model_dim*inter_dim*3*topk*2 / combined_us / 1e6; mfu = effective_tflops / 4523,deepseek_v3,7168,256,257,9,a4w4,silu,64,64,128,256,64,256,256,106.0,89.9,0.0,196.3,208.3,32.30661053489557,0.007142739450562805,146.64938775510143,435.56299805641174,1.0261960411761528e-05,True,"HIP_VISIBLE_DEVICES=0 FLYDSL_PERF_DIST=1 python3 /sgl-workspace/FlyDSL-mxfp4-moe/tests/kernels/test_moe_gemm.py --in_dtype fp4 -dim 7168,256 -t 64 -e 257 -k 9 --num_warmup 10 --num_iters 100 --tile_m 64 --tile_n 128 --tile_k 256 --tile_n2 256 --tile_k2 256 --skip_ref true --compare_aiter_ck false",,,checked
0,AMD Instinct MI350X,rlcr/mxfp4-moe,dd9a83d0dd516b5e336f241db8599e5111545184,"HIP_VISIBLE_DEVICES=0 FLYDSL_PERF_DIST=1 python3 /sgl-workspace/FlyDSL-mxfp4-moe/tests/kernels/test_moe_gemm.py --in_dtype fp4 -dim 7168,256 -t 128 -e 257 -k 9 --num_warmup 10 --num_iters 100 --tile_m 64 --tile_n 128 --tile_k 256 --tile_n2 256 --tile_k2 256 --skip_ref true --compare_aiter_ck false ; HIP_VISIBLE_DEVICES=0 python3 /sgl-workspace/FlyDSL-mxfp4-moe/scripts/aiter_strict_point.py --model-dim 7168 --inter-dim 256 -e 257 -k 9 -t 128 --aq fp4 --wq fp4 --act silu --gate separated --warmup 10 --iters 100 --aiter-repo /sgl-workspace/aiter",10,100,True,False,True,True,effective_tflops = token*model_dim*inter_dim*3*topk*2 / combined_us / 1e6; mfu = effective_tflops / 4523,deepseek_v3,7168,256,257,9,a4w4,silu,128,64,128,256,64,256,256,112.9,95.4,0.0,208.4,220.10000000000002,60.86168568138196,0.013456043705810735,157.71892857142882,449.2030143737793,1.0087608535158665e-05,True,"HIP_VISIBLE_DEVICES=0 FLYDSL_PERF_DIST=1 python3 /sgl-workspace/FlyDSL-mxfp4-moe/tests/kernels/test_moe_gemm.py --in_dtype fp4 -dim 7168,256 -t 128 -e 257 -k 9 --num_warmup 10 --num_iters 100 --tile_m 64 --tile_n 128 --tile_k 256 --tile_n2 256 --tile_k2 256 --skip_ref true --compare_aiter_ck false",,,checked
0,AMD Instinct MI350X,rlcr/mxfp4-moe,dd9a83d0dd516b5e336f241db8599e5111545184,"HIP_VISIBLE_DEVICES=0 FLYDSL_PERF_DIST=1 python3 /sgl-workspace/FlyDSL-mxfp4-moe/tests/kernels/test_moe_gemm.py --in_dtype fp4 -dim 7168,256 -t 256 -e 257 -k 9 --num_warmup 10 --num_iters 100 --tile_m 64 --tile_n 128 --tile_k 256 --tile_n2 256 --tile_k2 256 --skip_ref true --compare_aiter_ck false ; HIP_VISIBLE_DEVICES=0 python3 /sgl-workspace/FlyDSL-mxfp4-moe/scripts/aiter_strict_point.py --model-dim 7168 --inter-dim 256 -e 257 -k 9 -t 256 --aq fp4 --wq fp4 --act silu --gate separated --warmup 10 --iters 100 --aiter-repo /sgl-workspace/aiter",10,100,True,False,True,True,effective_tflops = token*model_dim*inter_dim*3*topk*2 / combined_us / 1e6; mfu = effective_tflops / 4523,deepseek_v3,7168,256,257,9,a4w4,silu,256,64,128,256,64,256,256,131.0,102.2,0.0,233.2,244.89999999999998,108.77851883361922,0.024050081546234628,170.90546938775452,627.0059943199158,1.0232192315218214e-05,True,"HIP_VISIBLE_DEVICES=0 FLYDSL_PERF_DIST=1 python3 /sgl-workspace/FlyDSL-mxfp4-moe/tests/kernels/test_moe_gemm.py --in_dtype fp4 -dim 7168,256 -t 256 -e 257 -k 9 --num_warmup 10 --num_iters 100 --tile_m 64 --tile_n 128 --tile_k 256 --tile_n2 256 --tile_k2 256 --skip_ref true --compare_aiter_ck false",,,checked
0,AMD Instinct MI350X,rlcr/mxfp4-moe,dd9a83d0dd516b5e336f241db8599e5111545184,"HIP_VISIBLE_DEVICES=0 FLYDSL_PERF_DIST=1 python3 /sgl-workspace/FlyDSL-mxfp4-moe/tests/kernels/test_moe_gemm.py --in_dtype fp4 -dim 7168,256 -t 512 -e 257 -k 9 --num_warmup 10 --num_iters 100 --tile_m 64 --tile_n 128 --tile_k 256 --tile_n2 256 --tile_k2 256 --skip_ref true --compare_aiter_ck false ; HIP_VISIBLE_DEVICES=0 python3 /sgl-workspace/FlyDSL-mxfp4-moe/scripts/aiter_strict_point.py --model-dim 7168 --inter-dim 256 -e 257 -k 9 -t 512 --aq fp4 --wq fp4 --act silu --gate separated --warmup 10 --iters 100 --aiter-repo /sgl-workspace/aiter",10,100,True,False,True,True,effective_tflops = token*model_dim*inter_dim*3*topk*2 / combined_us / 1e6; mfu = effective_tflops / 4523,deepseek_v3,7168,256,257,9,a4w4,silu,512,64,128,256,64,256,256,134.3,113.1,0.0,247.5,260.8,204.9870754909091,0.04532104255823769,191.82062500000052,634.4850063323975,1.0247432909893384e-05,True,"HIP_VISIBLE_DEVICES=0 FLYDSL_PERF_DIST=1 python3 /sgl-workspace/FlyDSL-mxfp4-moe/tests/kernels/test_moe_gemm.py --in_dtype fp4 -dim 7168,256 -t 512 -e 257 -k 9 --num_warmup 10 --num_iters 100 --tile_m 64 --tile_n 128 --tile_k 256 --tile_n2 256 --tile_k2 256 --skip_ref true --compare_aiter_ck false",,,checked
0,AMD Instinct MI350X,rlcr/mxfp4-moe,dd9a83d0dd516b5e336f241db8599e5111545184,"HIP_VISIBLE_DEVICES=0 FLYDSL_PERF_DIST=1 python3 /sgl-workspace/FlyDSL-mxfp4-moe/tests/kernels/test_moe_gemm.py --in_dtype fp4 -dim 7168,256 -t 1024 -e 257 -k 9 --num_warmup 10 --num_iters 100 --tile_m 64 --tile_n 128 --tile_k 256 --tile_n2 256 --tile_k2 256 --skip_ref true --compare_aiter_ck false ; HIP_VISIBLE_DEVICES=0 python3 /sgl-workspace/FlyDSL-mxfp4-moe/scripts/aiter_strict_point.py --model-dim 7168 --inter-dim 256 -e 257 -k 9 -t 1024 --aq fp4 --wq fp4 --act silu --gate separated --warmup 10 --iters 100 --aiter-repo /sgl-workspace/aiter",10,100,True,False,True,True,effective_tflops = token*model_dim*inter_dim*3*topk*2 / combined_us / 1e6; mfu = effective_tflops / 4523,deepseek_v3,7168,256,257,9,a4w4,silu,1024,64,128,256,64,256,256,133.3,135.4,0.0,268.8,281.70000000000005,377.48736,0.08345950917532612,249.35984848484793,714.4860029220581,3.4375541577702506e-06,True,"HIP_VISIBLE_DEVICES=0 FLYDSL_PERF_DIST=1 python3 /sgl-workspace/FlyDSL-mxfp4-moe/tests/kernels/test_moe_gemm.py --in_dtype fp4 -dim 7168,256 -t 1024 -e 257 -k 9 --num_warmup 10 --num_iters 100 --tile_m 64 --tile_n 128 --tile_k 256 --tile_n2 256 --tile_k2 256 --skip_ref true --compare_aiter_ck false",,,checked
0,AMD Instinct MI350X,rlcr/mxfp4-moe,dd9a83d0dd516b5e336f241db8599e5111545184,"HIP_VISIBLE_DEVICES=0 FLYDSL_PERF_DIST=1 python3 /sgl-workspace/FlyDSL-mxfp4-moe/tests/kernels/test_moe_gemm.py --in_dtype fp4 -dim 7168,256 -t 2048 -e 257 -k 9 --num_warmup 10 --num_iters 100 --tile_m 64 --tile_n 128 --tile_k 256 --tile_n2 256 --tile_k2 256 --skip_ref true --compare_aiter_ck false ; HIP_VISIBLE_DEVICES=0 python3 /sgl-workspace/FlyDSL-mxfp4-moe/scripts/aiter_strict_point.py --model-dim 7168 --inter-dim 256 -e 257 -k 9 -t 2048 --aq fp4 --wq fp4 --act silu --gate separated --warmup 10 --iters 100 --aiter-repo /sgl-workspace/aiter",10,100,True,False,True,True,effective_tflops = token*model_dim*inter_dim*3*topk*2 / combined_us / 1e6; mfu = effective_tflops / 4523,deepseek_v3,7168,256,257,9,a4w4,silu,2048,64,128,256,64,256,256,172.4,219.9,0.0,392.8,404.9,516.6425782484725,0.11422564188557872,361.06340404040327,789.7670269012451,3.4367539214485987e-06,True,"HIP_VISIBLE_DEVICES=0 FLYDSL_PERF_DIST=1 python3 /sgl-workspace/FlyDSL-mxfp4-moe/tests/kernels/test_moe_gemm.py --in_dtype fp4 -dim 7168,256 -t 2048 -e 257 -k 9 --num_warmup 10 --num_iters 100 --tile_m 64 --tile_n 128 --tile_k 256 --tile_n2 256 --tile_k2 256 --skip_ref true --compare_aiter_ck false",,,checked
0,AMD Instinct MI350X,rlcr/mxfp4-moe,dd9a83d0dd516b5e336f241db8599e5111545184,"HIP_VISIBLE_DEVICES=0 FLYDSL_PERF_DIST=1 python3 /sgl-workspace/FlyDSL-mxfp4-moe/tests/kernels/test_moe_gemm.py --in_dtype fp4 -dim 7168,256 -t 4096 -e 257 -k 9 --num_warmup 10 --num_iters 100 --tile_m 64 --tile_n 128 --tile_k 256 --tile_n2 256 --tile_k2 256 --skip_ref true --compare_aiter_ck false ; HIP_VISIBLE_DEVICES=0 python3 /sgl-workspace/FlyDSL-mxfp4-moe/scripts/aiter_strict_point.py --model-dim 7168 --inter-dim 256 -e 257 -k 9 -t 4096 --aq fp4 --wq fp4 --act silu --gate separated --warmup 10 --iters 100 --aiter-repo /sgl-workspace/aiter",10,100,True,False,True,True,effective_tflops = token*model_dim*inter_dim*3*topk*2 / combined_us / 1e6; mfu = effective_tflops / 4523,deepseek_v3,7168,256,257,9,a4w4,silu,4096,64,128,256,64,256,256,258.4,365.9,0.0,624.0,638.2,650.4397587692307,0.14380715427133114,569.4862934782623,728.8860082626343,3.437124837413208e-06,True,"HIP_VISIBLE_DEVICES=0 FLYDSL_PERF_DIST=1 python3 /sgl-workspace/FlyDSL-mxfp4-moe/tests/kernels/test_moe_gemm.py --in_dtype fp4 -dim 7168,256 -t 4096 -e 257 -k 9 --num_warmup 10 --num_iters 100 --tile_m 64 --tile_n 128 --tile_k 256 --tile_n2 256 --tile_k2 256 --skip_ref true --compare_aiter_ck false",,,checked
0,AMD Instinct MI350X,rlcr/mxfp4-moe,dd9a83d0dd516b5e336f241db8599e5111545184,"HIP_VISIBLE_DEVICES=0 FLYDSL_PERF_DIST=1 python3 /sgl-workspace/FlyDSL-mxfp4-moe/tests/kernels/test_moe_gemm.py --in_dtype fp4 -dim 7168,256 -t 8192 -e 257 -k 9 --num_warmup 10 --num_iters 100 --tile_m 64 --tile_n 128 --tile_k 256 --tile_n2 256 --tile_k2 256 --skip_ref true --compare_aiter_ck false ; HIP_VISIBLE_DEVICES=0 python3 /sgl-workspace/FlyDSL-mxfp4-moe/scripts/aiter_strict_point.py --model-dim 7168 --inter-dim 256 -e 257 -k 9 -t 8192 --aq fp4 --wq fp4 --act silu --gate separated --warmup 10 --iters 100 --aiter-repo /sgl-workspace/aiter",10,100,True,False,True,True,effective_tflops = token*model_dim*inter_dim*3*topk*2 / combined_us / 1e6; mfu = effective_tflops / 4523,deepseek_v3,7168,256,257,9,a4w4,silu,8192,64,128,256,64,256,256,376.6,653.1,0.0,1029.7,1053.2,788.3352616723317,0.17429477375023916,981.9378863636357,1266.2780284881592,3.4373992505720707e-06,True,"HIP_VISIBLE_DEVICES=0 FLYDSL_PERF_DIST=1 python3 /sgl-workspace/FlyDSL-mxfp4-moe/tests/kernels/test_moe_gemm.py --in_dtype fp4 -dim 7168,256 -t 8192 -e 257 -k 9 --num_warmup 10 --num_iters 100 --tile_m 64 --tile_n 128 --tile_k 256 --tile_n2 256 --tile_k2 256 --skip_ref true --compare_aiter_ck false",,,checked
0,AMD Instinct MI350X,rlcr/mxfp4-moe,dd9a83d0dd516b5e336f241db8599e5111545184,"HIP_VISIBLE_DEVICES=0 FLYDSL_PERF_DIST=1 python3 /sgl-workspace/FlyDSL-mxfp4-moe/tests/kernels/test_moe_gemm.py --in_dtype fp4 -dim 7168,256 -t 16384 -e 257 -k 9 --num_warmup 10 --num_iters 100 --tile_m 64 --tile_n 128 --tile_k 256 --tile_n2 256 --tile_k2 256 --skip_ref true --compare_aiter_ck false ; HIP_VISIBLE_DEVICES=0 python3 /sgl-workspace/FlyDSL-mxfp4-moe/scripts/aiter_strict_point.py --model-dim 7168 --inter-dim 256 -e 257 -k 9 -t 16384 --aq fp4 --wq fp4 --act silu --gate separated --warmup 10 --iters 100 --aiter-repo /sgl-workspace/aiter",10,100,True,False,True,True,effective_tflops = token*model_dim*inter_dim*3*topk*2 / combined_us / 1e6; mfu = effective_tflops / 4523,deepseek_v3,7168,256,257,9,a4w4,silu,16384,64,128,256,64,256,256,498.1,1237.6,0.0,1735.4,1764.3,935.5178275256424,0.2068356903660496,1729.9658666666649,1888.1980180740356,3.435740161594758e-06,True,"HIP_VISIBLE_DEVICES=0 FLYDSL_PERF_DIST=1 python3 /sgl-workspace/FlyDSL-mxfp4-moe/tests/kernels/test_moe_gemm.py --in_dtype fp4 -dim 7168,256 -t 16384 -e 257 -k 9 --num_warmup 10 --num_iters 100 --tile_m 64 --tile_n 128 --tile_k 256 --tile_n2 256 --tile_k2 256 --skip_ref true --compare_aiter_ck false",,,checked
0,AMD Instinct MI350X,rlcr/mxfp4-moe,dd9a83d0dd516b5e336f241db8599e5111545184,"HIP_VISIBLE_DEVICES=0 FLYDSL_PERF_DIST=1 python3 /sgl-workspace/FlyDSL-mxfp4-moe/tests/kernels/test_moe_gemm.py --in_dtype fp4 -dim 7168,256 -t 32768 -e 257 -k 9 --num_warmup 10 --num_iters 100 --tile_m 64 --tile_n 128 --tile_k 256 --tile_n2 256 --tile_k2 256 --skip_ref true --compare_aiter_ck false ; HIP_VISIBLE_DEVICES=0 python3 /sgl-workspace/FlyDSL-mxfp4-moe/scripts/aiter_strict_point.py --model-dim 7168 --inter-dim 256 -e 257 -k 9 -t 32768 --aq fp4 --wq fp4 --act silu --gate separated --warmup 10 --iters 100 --aiter-repo /sgl-workspace/aiter",10,100,True,False,True,True,effective_tflops = token*model_dim*inter_dim*3*topk*2 / combined_us / 1e6; mfu = effective_tflops / 4523,deepseek_v3,7168,256,257,9,a4w4,silu,32768,64,128,256,64,256,256,871.1,2370.5,0.0,3241.0,3319.2,1001.849822825054,0.22150117683507717,3222.243505376343,3378.237009048462,3.435610744118023e-06,True,"HIP_VISIBLE_DEVICES=0 FLYDSL_PERF_DIST=1 python3 /sgl-workspace/FlyDSL-mxfp4-moe/tests/kernels/test_moe_gemm.py --in_dtype fp4 -dim 7168,256 -t 32768 -e 257 -k 9 --num_warmup 10 --num_iters 100 --tile_m 64 --tile_n 128 --tile_k 256 --tile_n2 256 --tile_k2 256 --skip_ref true --compare_aiter_ck false",,,checked
